/*M!999999\- enable the sandbox mode */ 
-- MariaDB dump 10.19-11.8.1-MariaDB, for debian-linux-gnu (x86_64)
--
-- Host: localhost    Database: poster_generator
-- ------------------------------------------------------
-- Server version	11.8.1-MariaDB-2

/*!40101 SET @OLD_CHARACTER_SET_CLIENT=@@CHARACTER_SET_CLIENT */;
/*!40101 SET @OLD_CHARACTER_SET_RESULTS=@@CHARACTER_SET_RESULTS */;
/*!40101 SET @OLD_COLLATION_CONNECTION=@@COLLATION_CONNECTION */;
/*!40101 SET NAMES utf8mb4 */;
/*!40103 SET @OLD_TIME_ZONE=@@TIME_ZONE */;
/*!40103 SET TIME_ZONE='+00:00' */;
/*!40014 SET @OLD_UNIQUE_CHECKS=@@UNIQUE_CHECKS, UNIQUE_CHECKS=0 */;
/*!40014 SET @OLD_FOREIGN_KEY_CHECKS=@@FOREIGN_KEY_CHECKS, FOREIGN_KEY_CHECKS=0 */;
/*!40101 SET @OLD_SQL_MODE=@@SQL_MODE, SQL_MODE='NO_AUTO_VALUE_ON_ZERO' */;
/*M!100616 SET @OLD_NOTE_VERBOSITY=@@NOTE_VERBOSITY, NOTE_VERBOSITY=0 */;

--
-- Table structure for table `author`
--

DROP TABLE IF EXISTS `author`;
/*!40101 SET @saved_cs_client     = @@character_set_client */;
/*!40101 SET character_set_client = utf8mb4 */;
CREATE TABLE `author` (
  `id` int(11) NOT NULL AUTO_INCREMENT,
  `name` varchar(255) NOT NULL,
  PRIMARY KEY (`id`)
) ENGINE=InnoDB AUTO_INCREMENT=357 DEFAULT CHARSET=utf8mb4 COLLATE=utf8mb4_uca1400_ai_ci;
/*!40101 SET character_set_client = @saved_cs_client */;

--
-- Dumping data for table `author`
--

LOCK TABLES `author` WRITE;
/*!40000 ALTER TABLE `author` DISABLE KEYS */;
set autocommit=0;
INSERT INTO `author` VALUES
(35,'Author5'),
(38,'Author8'),
(348,'Du'),
(349,'Max'),
(351,'BlaBla'),
(352,'ChatGPT'),
(353,'Alice Johnson'),
(354,'Dr. Rahul Mehta'),
(355,'Lina Chen'),
(356,'Marcus Lee');
/*!40000 ALTER TABLE `author` ENABLE KEYS */;
UNLOCK TABLES;
commit;

--
-- Table structure for table `author_to_poster`
--

DROP TABLE IF EXISTS `author_to_poster`;
/*!40101 SET @saved_cs_client     = @@character_set_client */;
/*!40101 SET character_set_client = utf8mb4 */;
CREATE TABLE `author_to_poster` (
  `id` int(11) NOT NULL AUTO_INCREMENT,
  `author_id` int(11) DEFAULT NULL,
  `poster_id` int(11) DEFAULT NULL,
  PRIMARY KEY (`id`),
  KEY `author_id` (`author_id`),
  KEY `poster_id` (`poster_id`),
  CONSTRAINT `author_to_poster_ibfk_1` FOREIGN KEY (`author_id`) REFERENCES `author` (`id`) ON DELETE CASCADE,
  CONSTRAINT `author_to_poster_ibfk_2` FOREIGN KEY (`poster_id`) REFERENCES `poster` (`poster_id`) ON DELETE CASCADE
) ENGINE=InnoDB AUTO_INCREMENT=379 DEFAULT CHARSET=utf8mb4 COLLATE=utf8mb4_uca1400_ai_ci;
/*!40101 SET character_set_client = @saved_cs_client */;

--
-- Dumping data for table `author_to_poster`
--

LOCK TABLES `author_to_poster` WRITE;
/*!40000 ALTER TABLE `author_to_poster` DISABLE KEYS */;
set autocommit=0;
INSERT INTO `author_to_poster` VALUES
(16,38,108),
(18,35,108),
(361,352,349),
(362,353,349),
(363,354,349),
(370,352,350),
(371,355,350),
(372,356,350),
(376,352,351),
(377,353,351),
(378,355,351);
/*!40000 ALTER TABLE `author_to_poster` ENABLE KEYS */;
UNLOCK TABLES;
commit;

--
-- Table structure for table `box`
--

DROP TABLE IF EXISTS `box`;
/*!40101 SET @saved_cs_client     = @@character_set_client */;
/*!40101 SET character_set_client = utf8mb4 */;
CREATE TABLE `box` (
  `box_id` int(11) NOT NULL AUTO_INCREMENT,
  `poster_id` int(11) DEFAULT NULL,
  `content` blob NOT NULL,
  PRIMARY KEY (`box_id`),
  KEY `poster_id` (`poster_id`),
  CONSTRAINT `box_ibfk_1` FOREIGN KEY (`poster_id`) REFERENCES `poster` (`poster_id`) ON DELETE CASCADE
) ENGINE=InnoDB AUTO_INCREMENT=243 DEFAULT CHARSET=utf8mb4 COLLATE=utf8mb4_uca1400_ai_ci;
/*!40101 SET character_set_client = @saved_cs_client */;

--
-- Dumping data for table `box`
--

LOCK TABLES `box` WRITE;
/*!40000 ALTER TABLE `box` DISABLE KEYS */;
set autocommit=0;
INSERT INTO `box` VALUES
(7,1,'das ist ein text'),
(8,1,'das ist ein text'),
(9,1,'das ist ein text'),
(10,1,'das ist ein text'),
(11,1,'das ist ein text'),
(12,1,'das ist ein text'),
(13,1,'das ist ein text'),
(14,1,'das ist ein text'),
(15,1,'das ist ein text'),
(16,1,'das ist ein text'),
(17,1,'das ist ein text'),
(18,1,'das ist ein text'),
(19,1,'das ist ein text'),
(20,1,'das ist ein text'),
(21,1,'das ist ein text'),
(22,1,'das ist ein text'),
(23,1,'das ist ein text'),
(24,1,'das ist ein text'),
(25,1,'das ist ein text'),
(26,1,'das ist ein text'),
(27,1,'das ist ein text'),
(28,1,'das ist ein text'),
(29,108,'Text 1'),
(30,108,'Other Text'),
(31,108,'New Text'),
(234,349,'# Introduction\n\nAn overview of recent climate patterns.'),
(235,349,'# Methodology\n\nSatellite imagery and temperature records.'),
(236,349,'# Findings\n\nIce melting rates have doubled since 2000.'),
(237,350,'# Background\n\nHow AI is being used in diagnostics.'),
(238,350,'# Data\n\nPatient outcome statistics from 2015-2022.'),
(239,350,'# Conclusion\n\nAI improves diagnostic accuracy by 12%.'),
(240,351,'# Concept\n\nVertical farms and hydroponic systems.'),
(241,351,'# Case Studies\n\nTokyo and New York initiatives.'),
(242,351,'# Impact\n\nIncreased yields with 70% less water usage.');
/*!40000 ALTER TABLE `box` ENABLE KEYS */;
UNLOCK TABLES;
commit;

--
-- Table structure for table `image`
--

DROP TABLE IF EXISTS `image`;
/*!40101 SET @saved_cs_client     = @@character_set_client */;
/*!40101 SET character_set_client = utf8mb4 */;
CREATE TABLE `image` (
  `image_id` int(11) NOT NULL AUTO_INCREMENT,
  `file_name` varchar(255) NOT NULL,
  `upload_date` int(11) NOT NULL DEFAULT unix_timestamp(),
  `last_edit_date` int(11) NOT NULL DEFAULT unix_timestamp(),
  `type` varchar(255) NOT NULL,
  `size` int(11) NOT NULL,
  `last_modified` int(11) NOT NULL,
  `webkit_relative_path` varchar(255) NOT NULL,
  `data` longblob NOT NULL,
  `fk_poster` int(11) NOT NULL,
  PRIMARY KEY (`image_id`),
  KEY `fk_poster` (`fk_poster`),
  CONSTRAINT `image_ibfk_1` FOREIGN KEY (`fk_poster`) REFERENCES `poster` (`poster_id`)
) ENGINE=InnoDB AUTO_INCREMENT=221 DEFAULT CHARSET=utf8mb4 COLLATE=utf8mb4_uca1400_ai_ci;
/*!40101 SET character_set_client = @saved_cs_client */;

--
-- Dumping data for table `image`
--

LOCK TABLES `image` WRITE;
/*!40000 ALTER TABLE `image` DISABLE KEYS */;
set autocommit=0;
/*!40000 ALTER TABLE `image` ENABLE KEYS */;
UNLOCK TABLES;
commit;

--
-- Table structure for table `poster`
--

DROP TABLE IF EXISTS `poster`;
/*!40101 SET @saved_cs_client     = @@character_set_client */;
/*!40101 SET character_set_client = utf8mb4 */;
CREATE TABLE `poster` (
  `poster_id` int(11) NOT NULL AUTO_INCREMENT,
  `title` varchar(255) NOT NULL,
  `user_id` int(11) DEFAULT NULL,
  `creation_date` int(11) NOT NULL DEFAULT unix_timestamp(),
  `last_edit_date` int(11) NOT NULL DEFAULT unix_timestamp(),
  `fk_view_mode` int(11) NOT NULL DEFAULT 2,
  `visible` tinyint(1) NOT NULL DEFAULT 0,
  PRIMARY KEY (`poster_id`),
  KEY `user_id` (`user_id`),
  KEY `fk_view_mode` (`fk_view_mode`),
  CONSTRAINT `fk_view_mode` FOREIGN KEY (`fk_view_mode`) REFERENCES `view_modes` (`ID`),
  CONSTRAINT `poster_ibfk_1` FOREIGN KEY (`user_id`) REFERENCES `user` (`user_id`) ON DELETE CASCADE
) ENGINE=InnoDB AUTO_INCREMENT=353 DEFAULT CHARSET=utf8mb4 COLLATE=utf8mb4_uca1400_ai_ci;
/*!40101 SET character_set_client = @saved_cs_client */;

--
-- Dumping data for table `poster`
--

LOCK TABLES `poster` WRITE;
/*!40000 ALTER TABLE `poster` DISABLE KEYS */;
set autocommit=0;
INSERT INTO `poster` VALUES
(1,'xxxyy',1,1739536476,1739536511,2,0),
(61,'testFcgousefujbsbhbfsjhbf',2,1739536476,1739536511,2,0),
(70,'zhvjg',2,1739536476,1739536511,2,0),
(71,'zhvjg',2,1739536476,1739536511,2,0),
(72,'zhvjg',2,1739536476,1739536511,2,0),
(75,'Noch ein Poster',1,1739536476,1739536511,2,0),
(94,'Poster Test3',2,1739536476,1739536511,2,0),
(106,'Poster Test3',2,1739536476,1739536511,2,0),
(107,'Poster Test3',2,1739536476,1739536511,2,0),
(108,'test1',82,1739536476,1739536511,2,0),
(112,'test4',82,1739536476,1739536511,2,0),
(129,'fxhfdf',82,1739536476,1739536511,2,0),
(132,'dxfgbfdffdbdfxbfbxbf',82,1739536476,1739801958,2,0),
(349,'Climate Change Effects in the Arctic',19,1744803283,1744803472,2,0),
(350,'AI in Modern Healthcare',19,1744803287,1744803628,2,0),
(351,'The Future of Urban Farming',19,1744803290,1744803782,2,0);
/*!40000 ALTER TABLE `poster` ENABLE KEYS */;
UNLOCK TABLES;
commit;

--
-- Temporary table structure for view `ranked_posters`
--

DROP TABLE IF EXISTS `ranked_posters`;
/*!50001 DROP VIEW IF EXISTS `ranked_posters`*/;
SET @saved_cs_client     = @@character_set_client;
SET character_set_client = utf8mb4;
/*!50001 CREATE VIEW `ranked_posters` AS SELECT
 1 AS `local_id`,
  1 AS `poster_id`,
  1 AS `user_id` */;
SET character_set_client = @saved_cs_client;

--
-- Table structure for table `session`
--

DROP TABLE IF EXISTS `session`;
/*!40101 SET @saved_cs_client     = @@character_set_client */;
/*!40101 SET character_set_client = utf8mb4 */;
CREATE TABLE `session` (
  `id` int(11) NOT NULL AUTO_INCREMENT,
  `user_id` int(11) DEFAULT NULL,
  `sessionID` varchar(256) NOT NULL,
  `expiration_date` int(11) NOT NULL,
  PRIMARY KEY (`id`),
  KEY `user_id` (`user_id`),
  CONSTRAINT `session_ibfk_1` FOREIGN KEY (`user_id`) REFERENCES `user` (`user_id`) ON DELETE CASCADE
) ENGINE=InnoDB AUTO_INCREMENT=1059 DEFAULT CHARSET=utf8mb4 COLLATE=utf8mb4_uca1400_ai_ci;
/*!40101 SET character_set_client = @saved_cs_client */;

--
-- Dumping data for table `session`
--

LOCK TABLES `session` WRITE;
/*!40000 ALTER TABLE `session` DISABLE KEYS */;
set autocommit=0;
INSERT INTO `session` VALUES
(1,1,'123ABC',1738671721),
(2,1,'123ABC',1738671732),
(3,82,'fc4f6f1069a6183b5c6887c90b566f77',1738672552),
(4,82,'4a44bea94994c7f3aa01938d620e1720',1738673098),
(5,82,'206c928d7ad9e05dbeb9a71fc701d0fb',1738673968),
(6,82,'b753e6c0412a8cd0595850649ff7f169',1738674016),
(7,82,'f3394e0a86abf6c92d8f9b07e6089bd8',1738674844),
(8,19,'7a78b281e62ecdb346250732d6b6638b',1738675819),
(9,19,'03a3ca420e798fb52f0d2f3fbaa130f0',1738676191),
(10,19,'c5c3e5bf1a936e2dc112550c064830d4',1738680153),
(11,82,'9874c49d200af18d429f1ae43380acf9',1738680537),
(12,19,'6ad5ace1d3e63b8bf8292a0ae0873d81',1738737092),
(13,19,'762af05d361d800ddd9e5f45f622da9a',1738738138),
(14,19,'08a04f32c5de7e12f4a39c7bea6a756d',1738740022),
(15,82,'f5dcb224886eaddefdde6dc2f5f8189a',1738740359),
(16,82,'5658aa6c3974bb2f5a0700cc9beeb5b7',1738740685),
(17,82,'8ffd14ef663d8bf323450e92dab6eb44',1738741078),
(18,82,'4ec721f90abd8f0641b57be29a37fa60',1738742084),
(19,19,'f906e5d808a9e565573ca87597024ad8',1738744737),
(20,19,'d414fe5f97d9799708d248705cf697f3',1738745122),
(21,19,'79bcab074bf0a3f616fda127a5a7eddd',1738745465),
(22,19,'3fb213734ddbd38c3bf8673a023fb62e',1738746359),
(23,19,'0e166d9d7359f0a449e4e072561b70d2',1738746692),
(24,19,'b0d9c526e541f00a6d840b0b7904e38b',1738747285),
(25,19,'bb9e44325df1571a89b6d211471c3e9a',1738748010),
(26,19,'1cff5f8f205f52dd05138cb6314e3b53',1738748428),
(27,19,'4535c83155f0e8f0ee895aeb68c286c4',1738748744),
(28,19,'ace18696ba02365dae8d2b6a3b72eea7',1738748934),
(29,82,'4bc94bd6b12fb300ddc85128c82509c8',1738749308),
(30,19,'e683ef778df824025e72a6df984eeb17',1738750553),
(31,19,'e5b99379a60ac64cbfa9fb8bd2fed13b',1738834860),
(32,82,'752618871bc150a9dde9ef9e6fdb2ecc',1738834894),
(33,19,'0d5a666e34301945de77258814a5e015',1738842992),
(34,82,'116ea70d3f1f49d7135726fdf60f4801',1738843367),
(35,82,'0d6e8deb28311fb64d40b3a8c509dd20',1738843989),
(36,82,'7647f206b3160e4fdb3b729bfac79e5f',1738844364),
(37,82,'4a85fb3d47ed5426f6cd73d398434831',1738844580),
(38,19,'5f3e190bc226ddc99514712d6c067548',1738844935),
(39,19,'78172d048cea5c951a7a216c39b4c09c',1738845524),
(40,19,'57526527825ea3301b72b805b109fbe4',1738848841),
(41,19,'6e892daea1eda56cc6679266a72fcb06',1738849175),
(42,19,'db6259a4ddffb96fc061496b9a581ee2',1738849543),
(43,19,'29f27cc5fd0f794908ecc3b93588ea3e',1738850787),
(44,19,'2a6b4c0873a5ca261ad888d6cea02e79',1738851443),
(45,19,'993479e928d79864bbe8b759c8d7ad7c',1738851955),
(46,19,'464372441dd5bdd18029d69a54993d4c',1738852267),
(47,19,'8ec5b7908a3a04528cdda62c931f9be5',1738852818),
(48,19,'e19b7726da353b33c874d1743caabc5b',1738853156),
(49,19,'54333b43ecc9406d5ba8d65d27e494d8',1738911125),
(50,19,'0e1ad8d3e924bcbd2cb63ea01a3479cb',1738911486),
(51,19,'dac4415d904a11901d485895ac18c607',1738911951),
(52,19,'a20f9a39eb6763708546dffa247d9cd9',1738912344),
(53,19,'b4648a5b8711b5b0f03518efbceb9330',1738912830),
(54,19,'2cd26d1b202dffb478de6163e86f07c7',1738913381),
(55,19,'8756ed64da3e9278ab7ec6648180e19b',1738913818),
(56,19,'28822fd8363b4b873abfcafd98cf6fe4',1738914147),
(57,19,'4a5693bb2c3a951b39cfb8e2ffc3fe1a',1738914479),
(58,19,'4074598decf7af720c677d3c64510c91',1738915750),
(59,19,'b40bbe91b55011700c27ddfb0384087c',1738916128),
(60,19,'294be2431a5b9eba326f4e72a8f9d636',1738916572),
(61,19,'fb799ddce5ef2f6abf6a68fd5a82003c',1738917039),
(62,19,'e91c6f4d1655e27ab1684bda972cdcc8',1738917372),
(63,19,'8ee8c45910edf3e92289302662c944e2',1738917715),
(64,19,'3e90a22bbcba641d846fd8c1e24dea65',1738918341),
(65,19,'0b4f149ee5727ed791deb9f6a15c143d',1738918940),
(66,19,'b3298163890f4dd31e0c09d333dcf4ee',1738919528),
(67,19,'b61c521eaa174e210d532302e78fe363',1738920398),
(68,19,'448e2e857623fa6fd32362c2d41efa48',1738920733),
(69,19,'a36fb5bc779004739cb8c0c8983a4083',1738923264),
(70,19,'65dc3a1e99e34e64f99cb5089af0a21e',1738925904),
(71,19,'1f4f191d4776fb7cf94fb6012e3aa0de',1738926242),
(72,19,'6a87779050ae977dc27804cfc3677046',1738926609),
(73,19,'1e15d13da4cc1fe1d41ccadbeac271f0',1738926945),
(74,19,'9a9c59f6d347dac2951a5085b81faa81',1738927787),
(75,19,'b5972d6c974dc8265e778cdd8e9d17ab',1738929199),
(76,19,'ca421b0492e79fc90b2264a272fc6010',1738937903),
(77,19,'3e187b0c051f666466fa82be1c722ba8',1738938262),
(78,19,'0c4f624d90f7fdc53c0e40dfe8463d7b',1738938789),
(79,19,'dc724981b0e1b208143b5398a6f3ea6e',1738939111),
(80,19,'83d747dc140a8f8c01ecd0b9bddc75f9',1738939426),
(81,19,'887bd82abc00c763e01a82017157b8fe',1738939745),
(82,19,'04c383bb5f2ae70b3d2549259f7fac37',1738940092),
(83,19,'7d75dc50e38f69fb50a507a601c6bb10',1738940805),
(84,19,'c27d252a4dea7d1622b39657844d0955',1738941134),
(85,19,'a370c6baafebccaa937cb61d587a6b9d',1739172023),
(86,19,'1a848df0e84bddcf937b6403d0c1471a',1739172346),
(87,19,'7f6ea9f42e38aad953271181c1026482',1739172687),
(88,19,'118b0583b6cbec1b4243a9fa6f718913',1739173011),
(89,19,'50adbe8880ef972f265a593161d1b925',1739173440),
(90,19,'e11d0a31905ed69f6eee37ac3edec23d',1739174015),
(91,19,'f91c0b22c5ba7ed983b91dc21b53cead',1739174396),
(92,19,'0229198d0341ecacad1fe656266f7af7',1739176424),
(93,19,'278e0bcd4731c315b0a46754845fcbb7',1739176870),
(94,19,'d4db7761ae25fae86198e5f43341232d',1739178055),
(95,19,'8f23c31aad92a28a614c82498a1bbe0a',1739178446),
(96,19,'b2ce61b4a1274ca5a5b107c0afd629e3',1739178876),
(97,19,'2c443c8132f51792bc1c30f23152dd1a',1739179192),
(98,19,'d89d592a5f58df8a91af4ac71a157fd8',1739179605),
(99,19,'75fbb0935910c683b9ba92266ac2e13b',1739180469),
(100,19,'9edd98ad33d259bcda0cbb276df9dc6f',1739180845),
(101,19,'72c4da6b9dcd5ad1b8d1514167b58395',1739181169),
(102,19,'2791bdb11db0f7a188fc265e81d58773',1739181495),
(103,19,'1450f7ab7ec41955b1606aeaf882faf9',1739181832),
(104,19,'af97a4e7d49ade08c7628b6d134660f6',1739187434),
(105,19,'9c42e505ae37bde91a5e32666d8f5976',1739187988),
(106,19,'3a20b5fcf237481c60dbbe42a99088b5',1739188458),
(107,19,'e2a2ed7714ae7ecc936c06c2478f26c1',1739188842),
(108,19,'cf5831685df3b4f989bf93e9686eac71',1739190310),
(109,19,'79375698da3519b26b6aaa36ad177c9c',1739192410),
(110,19,'10dd354f03e45fafb3f20e1bfb7235f0',1739192741),
(111,19,'7ce8c411d7adbd80093ff4d575fca2ca',1739193079),
(112,19,'073722f2c90345053e74f4fb2f7fc5e0',1739193398),
(113,19,'89280e91a0ff28f2f888baea602058aa',1739193845),
(114,19,'df7da2ea2e9d67ad14a9b26dbb8dffe6',1739194181),
(115,19,'22884ad27f4293c10c8171ec7c937479',1739194604),
(116,19,'c97636b5225b748644345685a5d416db',1739195044),
(117,19,'e820d5d851d19c79bc8607de760a23ca',1739195383),
(118,19,'99dd5240ad19ad7c68c8bc13bbc90e98',1739195774),
(119,19,'a66feebb9015e4085bf67e048f2d4992',1739196156),
(120,19,'cf0410cca65c0173e31bccd6c44c1dc7',1739196513),
(121,19,'6cc27f7bcc1c8d58d5288c092f3990ea',1739196977),
(122,19,'2944dcf7d462476226f5d7ee4c46af2a',1739197549),
(123,19,'066f95995dd525db153247206361b499',1739198568),
(124,19,'045dfddbe3d67938812a329693249e2f',1739198898),
(125,19,'4261957c43cae94786a4776c7c8abb70',1739199154),
(126,19,'a34b01efa3387114cb6c91b81e71ff96',1739199477),
(127,19,'720b8c2d16231705041d58eef62abf58',1739200832),
(128,19,'624607c529f81ce24746107ec3de00db',1739285316),
(129,19,'ac43b73d597511f5ff04b495e6debcf1',1739526806),
(130,19,'e08fe6d89390848b70530f8d045d2f66',1739527455),
(131,19,'f18c3ab0663dc232cfd64c9db13309bc',1739528043),
(132,19,'e23577aae13c1f7fcc9574bc48320129',1739528357),
(133,19,'ca6864c8e5d0b5714ba123cc573567da',1739528684),
(134,19,'0d0a480382e6471e8d5bcecbb3bb1bfd',1739529733),
(135,19,'173a745dc9cf0877333fc1dec7f4f735',1739531184),
(136,19,'2c63a02b451efed303d7eadea2898d37',1739544898),
(137,19,'7c201131a09a5b5047cef13483769207',1739547301),
(138,19,'5ce376f03d83e6c0ac92ff45f8a43d4d',1739547776),
(139,19,'7ec7997cf1b4211f4182a0d132a521bc',1739548411),
(140,19,'f94632356cf8c30b4b16b1a0666b029a',1739548718),
(141,19,'ae1b412fd43817cdcb5a5f07bb5dd83c',1739778713),
(142,19,'ffc103983c27566cc9e8cb7cc7a73aed',1739779024),
(143,19,'6f74233c0b01ba5a385c9ac077ea091a',1739780196),
(144,19,'ef0b14940e52a95a581508f5688b2de1',1739780613),
(145,19,'eb892e064f920a998e44ffdf804575f6',1739781698),
(146,19,'740942ed9c06d2af371c7c0ad2a63507',1739785259),
(147,19,'88172774aad40b95b7c36ca31dcdf4d1',1739785667),
(148,19,'bf6c421b2769c19ee4d3e799914bc6a1',1739786565),
(149,19,'1332b1737c581614fd2e1b434efeaae3',1739786984),
(150,19,'20ad0545c3d690f02d87087862ea0168',1739792944),
(151,19,'12cb681be32b496c6f01a00867cf371a',1739793426),
(152,19,'b88fb27086183109ce277cbd5beeba29',1739793832),
(153,19,'102c9286f9dbea300946559a0ff1ca67',1739794156),
(154,19,'e18b7cbaddf4a2d9ee666567600c3f36',1739794466),
(155,19,'2cd4b481ab16d55311fee1df9f1fbee4',1739801287),
(156,19,'16a4a9b2318e059393e29108541cba63',1739801602),
(157,19,'e9c730dfc32ed3e5740fb68fb81a82a8',1739801736),
(158,82,'0f99ac8ff683f162f35ba5a81d452f11',1739801911),
(159,19,'b93b70f4144b13acc270df2be7152832',1739802283),
(160,19,'5053473e360bca57a008b20b09c45801',1739802668),
(161,19,'e42036f2b3456c4726f6ed439dd7f35e',1739802982),
(162,19,'9f189d488c46cb2e0248fd6a3cbd3987',1739804392),
(163,19,'79d3c182034dd21dbde88511a9737945',1739870853),
(164,85,'ea845cedbe502cff1d8bfa64ca52ce90',1739871569),
(165,85,'d035a8766d013d9851136d241f07e27e',1739874454),
(166,85,'44b7ecd4eb37378ef1812ec8acde2539',1739876797),
(167,85,'893fcc251b8fb9cc0dc89d68af8be0f9',1739877595),
(168,85,'9c6fec86a5a86599ad7b78a7423771cf',1739877985),
(169,85,'b6d5f59b636a4ce37274cd298e768782',1739878310),
(170,85,'21de89076eb2f62700ea3b820d945e67',1739878669),
(171,85,'660ac213898d4232ea68159dff61dc13',1739879318),
(172,85,'e798ea413f6898748236f25bc302a993',1739880158),
(173,85,'a15323183f35c8c7ffaac918ca30e0ba',1739883157),
(174,85,'3a513383da92f8cabbad18d9366ee6ab',1739883544),
(175,85,'59003b3255032a4a00a979fa43811e2c',1739883947),
(176,19,'699a6210ade276b362f7c2c1df52bf41',1739887055),
(177,85,'756bef54655ced789c0d62167225cc76',1739887216),
(178,85,'133e049a8469c0a41253a07a108885ae',1739890448),
(179,85,'178427fe2ea8d387a927421f09c8ecff',1739890686),
(180,85,'37462d3acad1eea5db0075276a23324f',1739890787),
(181,85,'1df0bd22b40e3a4838704dbfcc807d9c',1739891156),
(182,85,'36815a8c9d67ac9988172cb6c27436b4',1739891512),
(183,85,'ecdd38d971762fb916bf99282598b1dc',1739891648),
(184,85,'e8fc595904a635e852382fac061bdc04',1739892021),
(185,85,'291e7a646fb12e68e028f9b56e259d5b',1739892350),
(186,85,'99532b704597ae9b5834d4c62695b5e4',1739966158),
(187,19,'9cb9fa1dcfb55f7aa01505e5ea743704',1739967605),
(188,19,'5ecd3d483c77dd94e105541dfeddd0d1',1739967991),
(189,19,'b87485d0e4e7af175fb2cee518546c17',1739978218),
(190,19,'cebe7b25e3d30197f8dd5145c5d27b52',1740038997),
(191,19,'a50e0ed023b6b4c34e26a145ff050971',1740039329),
(192,19,'33db6134d6e690490932076153597990',1740039884),
(193,19,'eadcd109aa54c3ca9d8eb55843deb538',1740040569),
(194,19,'76631a470022eb2b6beecc4e316a4be2',1740042011),
(195,19,'05c3e82a54a08223cf113ef0d163a960',1740043800),
(196,19,'e9e84e48a00628b0e0441d6466a68c21',1740044172),
(197,19,'57033e12e3efd580966b4377179a58bb',1740044905),
(198,19,'2c71605822b69cb28e1093e1b8e7aee2',1740045741),
(199,19,'2ae06b08114a20dd4ab050d616a72ed4',1740046183),
(200,19,'0b4881a061c3f403323748b5155d6bdc',1740046500),
(201,19,'dc22ef65c8b2acc20abb89aaf232cb7a',1740047132),
(202,19,'ef4db6216324bc0de14bede26233796e',1740059873),
(203,19,'0790a6bf198d02eb21f83a3ee065b601',1740384222),
(204,19,'0681b41283ab7c0a27e8946be18cca97',1740389174),
(205,19,'104da043eb213b4a9ff882094ae97f65',1740389710),
(206,19,'875718e21c1b1207314403cf5125683d',1740390224),
(207,19,'e7059e5514b3f02c2cddc7ebfa74e274',1740391041),
(208,19,'69a4414b38ffadf37f722e7c1c94cead',1740391418),
(209,19,'bf0ad95c2facc0a6ee7831318507eacd',1740391828),
(210,19,'f152e152d8856f01b8c65d5a2062c3f5',1740392394),
(211,19,'1f6a64a035dc5a003f8652b1c99665be',1740392822),
(212,19,'d6ee778d1d7f5a16fc1176d71f94da0f',1740393294),
(213,19,'8d8a66b13c91f2704635bb1579da997a',1740394068),
(214,19,'8c5275fff8e400668f83321c5e08435c',1740395114),
(215,19,'e3d07cd6d65248100306a50c6059e7e4',1740395476),
(216,19,'2ec620ef449b732d3877d7ad6660dbfc',1740395937),
(217,19,'9c5b4fc44616920b02ece8625230442e',1740396249),
(218,19,'3508685399d113dcfd48d1d966ab65dc',1740396584),
(219,19,'ed6e66a0fa424412df95245fd3792adb',1740396933),
(220,19,'1ca10251daf3dd5715e23fab7b3b25da',1740397417),
(221,19,'0643a50e9742a0092854693f6defdfbc',1740398444),
(222,19,'c079ad287d7e5d82b41b7b7afc3f2c95',1740399882),
(223,19,'3d0840766e108db2e8e0e12dfde8735e',1740400224),
(224,19,'70f9d88737f2a91b4ecd96433283e2ed',1740400571),
(225,19,'ce1f0661be2b19723a3870e2ab661745',1740402804),
(226,19,'807cef382828c96283bb689c389a1024',1740405183),
(227,19,'2ba8b5c91fd034c44e91e7e1ac67d8c5',1740405516),
(228,19,'5c6bfa40fb3afa592506bbffd7d293c6',1740405846),
(229,19,'fbc2d7d31f479dc1d3bea72e015b8a32',1740406480),
(230,19,'000913c212c3deaab167838cb19ae614',1740406816),
(231,19,'1ba896934d520537a4d727219220c4cd',1740407218),
(232,19,'79d585525096ee305f4ed287e9b3b93e',1740407801),
(233,19,'694cf3b1e6e0857b4802dd43862ca21a',1740408530),
(234,19,'7a395d4026111290938c6f0175401413',1740409007),
(235,19,'e4192d3cef6640cb0fbb0ff4a2d10eae',1740409359),
(236,19,'2aea473ad5fb4604bf18596cefaa93dd',1740410575),
(237,19,'a6b8d84c9d639d81a95fecde0875ea3b',1740411411),
(238,19,'5439e967444dfa046287d4e095c66cce',1740411748),
(239,19,'77784f4b5342ea9f16a2d217a3c017ef',1740412097),
(240,19,'b9037423fe5845abc481a10b1f6c4828',1740468049),
(241,19,'ccb810a66aa680259f74cae14cbe1677',1740468374),
(242,19,'e025efc06f88173e7afa893160c1350f',1740468724),
(243,19,'a53749d0bd4315493f6035541e1f01c2',1740471645),
(244,19,'6b9f00f4a9488315fd836a685d4d1749',1740472063),
(245,19,'1a70a7a2faf2b01b5e9ff8b6e3fe9928',1740473210),
(246,19,'505d3ebf0869d9c5ca6c2371248b3b17',1740473528),
(247,19,'1f2ee0771281306f33b85627cee00589',1740473855),
(248,19,'7f0636396ed8d7be0a8be0c1ac4b44f9',1740474303),
(249,19,'0af4c51f4921f16fab8d194ee16ee630',1740475708),
(250,19,'d4e8e8d4874d6b20559de6bb1a215188',1740477744),
(251,19,'f87f79d5772c1661ece01476ce8997bf',1740478132),
(252,19,'4c80468473bea7b99ca9f0c6077eb2dd',1740478670),
(253,19,'7a49c3d0a7451e9bdafe7c9fbc47205e',1740482581),
(254,19,'811830c747181ddf2fc662ec7b2a1bb6',1740491248),
(255,19,'50ec91913ca0acb753037b3eae8188dd',1740495544),
(256,19,'24dc38cba4d7c8e7da1df49ef50107d3',1740495576),
(257,19,'2ae0dc03c73c8800d9d72415e059adc8',1740495639),
(258,19,'3ce1a9972c3ed9142bee422407f5b190',1740495639),
(259,19,'0df87d221509dc4e7b656ec127adf7ed',1740495744),
(260,19,'a0785f3926caeefbc88e71e1be479914',1740495744),
(261,19,'ee97744e6d1103d4e741730bf3ba53b6',1740496615),
(262,19,'fb255f78d256f3cd3563a1f30835361c',1740496615),
(263,19,'91803a35174353eb76fc8ef99e70bae0',1740496650),
(264,19,'72c209a791151471a7365af46949c28e',1740496938),
(265,19,'f2166400bfcd16eacf05649dae52c236',1740496938),
(266,19,'3952aa90aa421da4ad414a6865fa6eac',1740496957),
(267,19,'998d9e7bf40a65c55bddea6bc71c64f5',1740496957),
(268,19,'ce9520a904019465b309e72cbc78e7bb',1740556310),
(269,19,'1a5361ccbe586c8dade5775dc211d08a',1740556561),
(270,19,'fa321c049f762387a9946418d46f566b',1740556561),
(271,19,'414b4046b8aa589948929362086e30e9',1740557706),
(272,19,'da82988438226a8f31afc26326040fbe',1740557706),
(273,19,'2c8364728c444aab037a32a011d13919',1740557752),
(274,19,'d84479a93ee70db02cd71f6fefc1096e',1740557752),
(275,19,'d0c5933023d45947219805b58c3b5c4b',1740557839),
(276,19,'41a9b9aadb6081ab29277b45e770b74c',1740557839),
(277,19,'e4313fa7eebfe4a28e0cd9c0be221915',1740558710),
(278,19,'b7918a42f8b6d55c2e14062c2d2b0712',1740559289),
(279,19,'3a7cd797a5405f16cfc98728dfe1c18c',1740559289),
(280,19,'803965d5db6ccc239cf08f49aa83bd3d',1740559349),
(281,19,'16e423f3d256ee5eca5c0482de0af13d',1740559349),
(282,19,'652b974d212d1ac492923e061d3e920f',1740559380),
(283,19,'f8a2e0f769cb5ac69b115f5efe6e1ad3',1740559380),
(284,19,'9f4071c821a59c7bd9f4e1297b5424f0',1740559489),
(285,19,'15fda118b61a347cd837b306569317b3',1740560024),
(286,19,'8845b2199ad3d96b1f9f2fb258c55320',1740560024),
(287,19,'653747988753965cf5774c74b171e835',1740560057),
(288,19,'c6d05364363b60d6716e6f4790cf5608',1740560057),
(289,19,'f2e9e09393f55d3d9310ea038cf817dc',1740560456),
(290,19,'e5844861ccbd1e224158cf6fbe29124b',1740560456),
(291,19,'348b40f89f2eca4a2b34c6039209d010',1740560513),
(292,19,'3f21383a286a17c7696f557c78d212d1',1740560513),
(293,19,'062f02cf462253ae5bf2a4728a893d53',1740560557),
(294,19,'183e4efe7ec3ef3619531bf1b17a09f1',1740560557),
(295,19,'e76697c5036f7942544f9c14bb090562',1740560946),
(296,19,'a899066ffb2fd49e87d3413809f50dcf',1740560946),
(297,19,'e9763af4fe9a75b4fba42b72dfe9d7a2',1740561069),
(298,19,'02a40c913492a3db4d4f7f1b2eb790f1',1740561069),
(299,19,'e600b64b82d0fd7a8b27c823011969e1',1740561294),
(300,19,'cd276d769e7b6248409172c8b9ed3780',1740561294),
(301,19,'8eb8f63ab20eb06c83c1770d377bdc88',1740561944),
(302,19,'dfe74a4f884628c9fbfe0cbca3d2db0b',1740561944),
(303,19,'5bb344ed2acef06ab281ffd989a78166',1740562424),
(304,19,'06d0e3c1c5eb7bbf636f86156b8fb748',1740562424),
(305,19,'6922df736c96f660ee54d841c6f1bf6d',1740563089),
(306,19,'ba3c1559deeca9fd8f733ba9c46d220d',1740563089),
(307,19,'6b5d64e372d10fb933e4b71db5dcca13',1740563112),
(308,19,'0fde204bfc249aaca884cbf89858e897',1740563112),
(309,19,'420e492e19504b7b833b092d1a325a41',1740563132),
(310,19,'a8b496ba44f619ee0dad202a309a112d',1740563132),
(311,19,'316f8d687c36c55e318da9cdf00818cb',1740563266),
(312,19,'7f60ab21cf3eb88bb164c1f4e6a1a95b',1740563266),
(313,19,'641f926cbf50f2dc7f3cf71c7a22abba',1740564160),
(314,19,'59081cf7ce23ed8e3d609d71deb7ed4b',1740564160),
(315,19,'3889df9bd036840eb8604b06c3be6dec',1740564610),
(316,19,'15a6e0e4b06495210205cadb2067162f',1740564610),
(317,19,'35ea4301d3e808ddb4d9940ff81ed0c8',1740564610),
(318,19,'da488e40acaa81ef1d93539b2f191525',1740564610),
(319,19,'9e8dc7b50ea30ea293d4a1679e37c03a',1740564610),
(320,19,'c5486e341ea95525e1a185a9f9291fa7',1740564610),
(321,19,'4e51a06fb8f08e58343e94feb10668d4',1740564610),
(322,19,'0a2d2bbeac88fe35fd9d6dce2b95387f',1740566472),
(323,19,'9a67c0db11f6e0cb6d0ce3a806003fa4',1740566472),
(324,19,'fe56e41f9029d31e2649bbc42ea0e9ec',1740566500),
(325,19,'cd5ef1734c158546ee8e7164b7c41ff8',1740566517),
(326,19,'2578c81f5130d75dbd362f63c6e0c573',1740566517),
(327,19,'891d8431be9449f56a2d4472b03c7534',1740566560),
(328,19,'fe192015cfacfdc7d8a6ed41f459ea91',1740566560),
(329,19,'bbc45c08cf43bf4683c6a64b2010dfb0',1740571827),
(330,19,'edefdf429011fb29b45d117a24e14605',1740571827),
(331,19,'6517fbd9b42f271c66db78688672feb5',1740571902),
(332,19,'578e3b4cacabbf8ab94f24c8af270d4c',1740571902),
(333,19,'92bdde85f8efce766bafc1723485d1e3',1740571921),
(334,19,'1255210b58f29695f749c2bf10f101d6',1740571921),
(335,19,'e84a369bff44954421652f3504e0bfef',1740571910),
(336,19,'a6187cfaae8d40b1b6b55d743244916e',1740571910),
(337,19,'da2f856a572ee788562c048cafb31df0',1740571910),
(338,19,'c591442d3f2bdde89930837d8812dcb5',1740572277),
(339,19,'7a9867cf615b6a06ecc2eb4fef919769',1740572277),
(340,19,'6b5c4400ded94c7c49d903a5f1fc1d58',1740572476),
(341,19,'bba7a1ff84b5532f2df552385b30e52f',1740572847),
(342,19,'cd5ef7578ed410d20f8af16ecd596d13',1740572847),
(343,19,'ebbebe12a2763bc1f36a11ecb3d8ec15',1740573493),
(344,19,'438b103b9aaa8073458c1d58cb67fca1',1740573493),
(345,19,'2d74d4731718e7a1d2e2d1ca386aa2a4',1740573524),
(346,19,'d21833015f5bb84a354317be3afb8181',1740573524),
(347,19,'fcfe6a4f47f7ef57e6d888bdc13a030b',1740573537),
(348,19,'a7c12bdf0f7d64afde2e706024ae510b',1740573537),
(349,19,'bd4f3e8ebb308abd3d18906aec12bf3e',1740573556),
(350,19,'dd8a94d3aa41c4f9ac141c959d9c7dfa',1740573556),
(351,19,'9cc2534a109fe23d652c3ce9f856cc34',1740573624),
(352,19,'1b664763a38deeaa04b400dd87884134',1740573624),
(353,19,'f429540dc58f42536e802929e5daf686',1740574137),
(354,19,'7d93b52b202795fccc14faf52a7b241a',1740574137),
(355,19,'1dc910b63c4b54c2b19a955e76c73a47',1740574172),
(356,19,'f7bb52dff5a80d8b46f6b20585b0cb4c',1740574172),
(357,19,'bf50542f1afa6fc1e6467a5b5b2fc4aa',1740574185),
(358,19,'f8160812364d5364a4424c896ca1d09a',1740574791),
(359,19,'71b00a328b4089205b9dea24312042ad',1740576767),
(360,19,'fd54cc8e5c0884bc4c382182df44cbaa',1740576767),
(361,19,'02079d63c9283124d538a43553c5226c',1740579537),
(362,19,'1c45de42f5120c8c1f2b062a23bceec1',1740579537),
(363,19,'f020ccb296ddea4e0574d0771844c8f8',1740579611),
(364,19,'cd60214b0fb5ba1c63534ac6c6bd74a5',1740579611),
(365,19,'88d384375a2db5105500a11044e49b4f',1740579627),
(366,19,'ac2ce8de86e5fd1f97631f16ade5f19b',1740579662),
(367,19,'96b0f9d1e00d814b26668aeac1eb1263',1740579662),
(368,19,'338b7323d380e167fc8bac886794a0a5',1740579775),
(369,19,'5ed88ff87454027d7ebec74bc6e39e65',1740579775),
(370,19,'cd4fcd70f8058b11d8f918057860a41c',1740579804),
(371,19,'f9f1b81d7e8a3b4308ff63f3cce230e2',1740579804),
(372,19,'19b2f96066013c8fe16894f4e3a97c5b',1740580014),
(373,19,'900373ac0b4aeda83e29268444e85c4d',1740580014),
(374,19,'b0af4ec50b2e9ccc6f1e7245116001b2',1740580217),
(375,19,'7885a2a7eda12aa76d7d152896af2e7d',1740580217),
(376,19,'fa9444062159d46b8b53d31994f66e71',1740580296),
(377,19,'a58c983bd93c86cde0a2ebe3c4a35e18',1740580296),
(378,19,'29d2b5f25c8b74cdebf33b9ad20fbb25',1740580455),
(379,19,'f5714fb3047c646be546d64c1dd848ca',1740580455),
(380,19,'03ecc566fe2f639f5a77d8cb8786607d',1740580482),
(381,19,'c5dbaca199c6ad91497b76031ff8b9c7',1740580482),
(382,19,'1bb4058601b4eeb9739f51a6f4ccc93f',1740580536),
(383,19,'dccdd9cc7da0193bd644ba5858ca909f',1740580536),
(384,19,'4bfc44ea8e06461d58cb7ea8096bd93d',1740582346),
(385,19,'2c7d31bf026fb2b843e65e3dbbbd067b',1740582346),
(386,19,'42ee9c074105d95ec793d86d865679ae',1740582366),
(387,19,'4ed21cac8e43acb5af1b9c1613394664',1740582366),
(388,19,'a2e599470da8eb0825f06aa5b12845c5',1740582808),
(389,19,'56c1f3edbc3bac0abdbb49aedde86310',1740583166),
(390,19,'a477dfad9aedc2e37bc77fd5af635e1b',1740583166),
(391,19,'f09d1743b97d3f3c7210cf428d09ee2c',1740583258),
(392,19,'90cfd62399d499b829edb338aa5ff79e',1740583258),
(393,19,'6789d01ca659b349dfec612bb9151664',1740583294),
(394,19,'44722316f0aa50c29167017773b7bc73',1740583294),
(395,19,'ac4d6bb101314d2a2fef64b4d6d32764',1740583328),
(396,19,'9a0ad8bf661ffaf2ce070a4e3a6d61ff',1740583328),
(397,19,'bfd6965fdd146bfaadfc96b61360f8b5',1740583381),
(398,19,'91b74139a6d79b00198e40a9278a0302',1740583559),
(399,19,'24b4a7f85634ee8446ad2b03fa0e1678',1740583559),
(400,19,'88408c3b17855caa90c7c95b7c54b428',1740583584),
(401,19,'f05172fa20f601589e507c517bff10c6',1740583584),
(402,19,'09c69de37bea906221d17121d53da3cb',1740583732),
(403,19,'09ce7791b3a83b938b460d441a4f74dc',1740583732),
(404,19,'1935264cf5dfdfe83c891c51581c3616',1740583850),
(405,19,'7df0e91f9450e40035c1281163c67772',1740583850),
(406,19,'cb6c6cb8fb99996596acc451faadfa11',1740583937),
(407,19,'30957bab75fb873a70bd88d050819488',1740583937),
(408,85,'2d2ea24abd5d22dbbac932b429fbc051',1740585285),
(409,19,'e6c763558be863a1fb96667c5ebd5df8',1740585443),
(410,19,'35d04f967cb2a3372c03b31b031e6662',1740585443),
(411,19,'39245aebdd35b1e2e09c070b181bc192',1740585443),
(412,19,'8708dbfd14bb50572f5700884679ad11',1740585749),
(413,19,'2496509327df493827b5bd174edc312c',1740585812),
(414,19,'22506b833caae8453e56f9c2a5a02525',1740585812),
(415,19,'afe48c3a3fe0dc124203271799a17c24',1740585812),
(416,19,'e479cacda028e134cc6b1667236b4693',1740585812),
(417,19,'2c0f42ce43d73cb5d6ecc5d747d281ae',1740585925),
(418,19,'4ece7275d428e30a499d5f47fcc7becb',1740585925),
(419,19,'664b556075982846d3fd75edfaafe326',1740586150),
(420,19,'f27b60bcbc729884c50fcb41060145ad',1740586150),
(421,19,'67fe6b16b2d355dbaf492830a427db46',1740586533),
(422,19,'ec2dd41b2c284cc337df656fc55d5e05',1740586533),
(423,19,'b58ddde2a6568facfa66a265a6eee50e',1740586851),
(424,19,'a46315ca766225e8cc4b3da15b492f33',1740586851),
(425,19,'7384c5f208fed3909df77e08b57530b9',1740641874),
(426,19,'e3e670c01db554fd0ea6a1f743ef6363',1740641874),
(427,19,'d579dd3b8b19ec154e7d88963ee46bd1',1740642096),
(428,19,'1d5d072d0c44ecb2747233322046d125',1740642096),
(429,19,'a32cbfefc2e285565244241e016a0a63',1740642137),
(430,19,'7d351496bafd9f149234a4ed8b7a5760',1740642137),
(431,19,'35240cfce468c230319acd6bc8050003',1740642229),
(432,19,'f7cd2a5adf45b7da1871e1fd4e5d47fc',1740642229),
(433,19,'003f03ef9a65e9fb4fba3979437db72b',1740642277),
(434,19,'626f05a4414bdc09df5a9ee654d35da0',1740642277),
(435,19,'78384fe7ba307eb904adf34a3d021c7c',1740642328),
(436,19,'64aa7d4903bc5055be543b3ffee60fde',1740642328),
(437,19,'239e822c696740c083df3588762387a9',1740642354),
(438,19,'10fc590a4eaa9568c460b7efbc1e0fad',1740642424),
(439,19,'385a7fd4cff56be960b32eb1a78e5f2b',1740642424),
(440,19,'b9eea6d1c9efdf092cfc5aae6245b4ab',1740642491),
(441,19,'b4692aafe3c7d54d12469977c3f9a967',1740642491),
(442,19,'f2b0d69a98061f503eca1ed54e54299d',1740642664),
(443,19,'a3e2b85be543fad82f4230d3bdc7c815',1740642664),
(444,19,'cfd0ba8f3cb1523fae005c0411ff4495',1740642801),
(445,19,'370eab4200ba9f0a191e32d162e8a2ec',1740642801),
(446,19,'ec887d08fb604e2c7bbbe4d1dbd8d578',1740642938),
(447,19,'bf20b0637484113d7f81f7e32098d1ec',1740642938),
(448,19,'f95b2d355bdcbf2ade19e728304f1381',1740642999),
(449,19,'be50287431ca79c2bcaa3e8298af0ed0',1740642999),
(450,19,'16da1e0f1a7165a9bdda5bf135a3d88f',1740643252),
(451,19,'3b663aa97e89c32e8374bfdca4719068',1740643252),
(452,19,'8b4d79fd61dd6603a5cdef04b2c7ec89',1740643487),
(453,19,'05a4a5356249199c3accdab0b05f43c4',1740643487),
(454,19,'0bb7acc103abdf5f1016b5447053f876',1740643543),
(455,19,'40e4086b4900d38948c10d7c84bf0c4e',1740643543),
(456,19,'024a2fdc3d590d71bc71a83547c9170f',1740643848),
(457,19,'74276f1a6a36380d8955be9d5845a352',1740643848),
(458,19,'318b9a45081e899ed43d000a0d20a6fd',1740645113),
(459,19,'591d8749ad26a7e9c9a024ae9d148460',1740645113),
(460,19,'1b5cb179897eeef81d0f8ef8d173cb91',1740645133),
(461,19,'05ded15b4e2f7c8b9a0d436cae25008f',1740645133),
(462,19,'684fee88b273d199c577f89ab525ddda',1740645158),
(463,19,'f5f7c9d1a23a3668da6066f75580b498',1740645158),
(464,19,'39168d1d1a9246ee71934c22305c2dd4',1740645314),
(465,19,'eb648435b0811711b968097f8fe12740',1740645314),
(466,19,'57e0f123b4dbcdd3664aa1beb0cee264',1740645446),
(467,19,'d6d0bbcd2b740bdaad05646cfedfd508',1740645446),
(468,19,'241e55e649656383724c5d45b8eb0fc8',1740645545),
(469,19,'180296648930c4ee329e41dd0bbfecc3',1740645659),
(470,19,'96924835a8b01537dfb90c1daad4e11b',1740645780),
(471,19,'50ea7b2a89d7a8d1bb44aae7089d60df',1740645792),
(472,19,'344830f29a543e692c82d2151a55b6a2',1740645801),
(473,19,'faa47e0cb1942741a57c94b6f0ceb186',1740645869),
(474,19,'60355fd25dc139df4419f6ca652d0b5d',1740645892),
(475,19,'1e49c1c38d2329df1946c5e13a24da95',1740645981),
(476,19,'1b45644c5987daee345c0f7c69e93eec',1740646036),
(477,19,'a95e72ca6225c81a08086d0efee7a5c6',1740646068),
(478,19,'d746ba3afbecf61f868f63989d0bdaee',1740646068),
(479,19,'ac858ec89bd1adff6eefb00c0b6b24d1',1740646614),
(480,19,'9a7c78261f08713390bf6eb03a4b9119',1740646614),
(481,19,'b0594f13491b7e9904ef435810ecb81d',1740646622),
(482,19,'f8590d6c170778890b55365d09b5e963',1740646622),
(483,19,'2fa916fc3c95a941a0656d1d14ce4fae',1740646923),
(484,19,'be8050fecfffe041b5a85f7635dce33a',1740646923),
(485,19,'c508ab29b376ecbedb00e4e726a3dd2d',1740647059),
(486,19,'1b0d2102eadd134a96cf5f296df27990',1740647059),
(487,19,'a32d71760843e094a7e7b4ee67c5421a',1740647077),
(488,19,'43acd38d9723e66c5d680639320d5f85',1740647077),
(489,19,'4448bec2b8fb7dc1a63f22baf634b2e5',1740647162),
(490,19,'801c3665d03f48c9dd8221ac9bac104a',1740647162),
(491,19,'8b2d5b85870a13636b26688370d0bec9',1740647482),
(492,19,'a8922b85258d5d892b76cf5db88927b7',1740647482),
(493,19,'65fa7f5ee11f6782b251cb35c61c173a',1740647503),
(494,19,'55b0f20ab4b71c6bae679a655645ce4e',1740647503),
(495,19,'cb22c64744863d2cf4086605ae13d3c7',1740647554),
(496,19,'506e072911aa5e6ecd9ab8aa49489498',1740647554),
(497,19,'bb64460b58a30c8f4c18c543787ed0bb',1740647566),
(498,19,'fe627e6e4a359bf52068146da999a421',1740647566),
(499,19,'c0c7696bdb212d8069853fdd0ace89cb',1740647667),
(500,19,'c08bfa0b627899d3b012b1217a8258b9',1740647667),
(501,19,'7a71c17bba0f8cfe7f2b9cb053cba6cf',1740647749),
(502,19,'3a1fbe2f9d9ae51015517ba842070484',1740647749),
(503,19,'b74ce38bca4e7ff367d69eb148aa1eee',1740647806),
(504,19,'499f3af694ecf60fca780a8b50aa8663',1740647806),
(505,19,'6109728ba6edd74c2415af6d2bab635c',1740647926),
(506,19,'a58ec2a9a5e3ccec08f1df4901daea6b',1740647926),
(507,19,'d252a68a48d908fa43ace0877b3c6453',1740648016),
(508,19,'93cdabeaca6ab5d7a7073fcce03638c4',1740648016),
(509,19,'31496990b08064114c082c5827f7c427',1740648107),
(510,19,'6e9fe9d17033a208a8c9862672c710de',1740648107),
(511,19,'d0561db0448cc65ec416bcb309b25d7a',1740648145),
(512,19,'68860b77583f5ddc3df5e1bae2ed5d0f',1740648145),
(513,19,'6ae64e66c56981bf9d8a7e77a9a0d4c0',1740648225),
(514,19,'3b5d2df5ff07d48cf34c70bf3eccc16c',1740648225),
(515,19,'45270be3a07f24739fe4f9d16c37d131',1740648383),
(516,19,'5723f26248c91182a40465c5ce8e1ea5',1740648383),
(517,19,'77dc6fb6c2b5837682ab5dc79efe9a09',1740648405),
(518,19,'d00adf585e2fa9e28916ec3d029ba4cd',1740648405),
(519,19,'088111ea0065d6e52150f97db467029f',1740648554),
(520,19,'59890613361b1547a4c68346b81862dd',1740648554),
(521,19,'a7010900921b2b834825ca358c028930',1740648698),
(522,19,'85e95449ead06ee52797f9e68f9ce53d',1740648698),
(523,19,'1c3ff25577dc59b0ad653ac24cd1fdeb',1740648767),
(524,19,'5be7944167d2fc735026e6ede78bb610',1740648767),
(525,19,'5541f8f91563bc7d1361720945079738',1740649046),
(526,19,'e570e5b40bbc7664fd64f337a9fef24d',1740649046),
(527,19,'6abca20da7593fa16177ce0cedf7debd',1740649127),
(528,19,'597cc58cd2512a1708d43358d2805ab2',1740649127),
(529,19,'bba7723cb20ae046e98bd2b8db19ccee',1740649155),
(530,19,'9bb8b494b4081cd37cd2b6b32680c353',1740649155),
(531,19,'464cac108710b065260fe2e6b670ef00',1740649273),
(532,19,'7d07e719f3c2a29ba8c948b77a1cc45b',1740649273),
(533,19,'e1ae41051de2d6d2061cf8e2973967e1',1740649337),
(534,19,'9c2732a5dadba37f35526ba3f1075906',1740649337),
(535,19,'a9bcdfed90fe84f638bf97ac8cb1bcda',1740649381),
(536,19,'af926173fc279a4a2af2441259d73591',1740649381),
(537,19,'4e47287c2ff8cb4600e655ccfa02a9bd',1740649442),
(538,19,'197e6c453630a7467f0aa20369e5edcd',1740649442),
(539,19,'8ed32814c4dd3aa0abdb0b8e761a3226',1740649515),
(540,19,'f5a7a2f0ccc19f075ff93e49c15f2bd2',1740649515),
(541,19,'b7a5cdab509e58e6545b4d743c418f5d',1740649883),
(542,19,'1222d96a0657d208dc334899b5c7e25d',1740649883),
(543,19,'5e8891156c340f4d5bf05434ea15cf3b',1740649915),
(544,19,'ac2078d0936d961fd643aea0c1cf8195',1740649915),
(545,19,'198eaabca00d66477a96e19b5aea38b7',1740649970),
(546,19,'b222edba395cc48dc6fb4ea110e9e1d5',1740649970),
(547,19,'b3dc8e954cf1d84492429fde67fba3ce',1740650001),
(548,19,'6696f76f0804029c66a255aef74eb10b',1740650001),
(549,19,'cb0823143a4f91a62375f97d6a4cce99',1740650061),
(550,19,'653d23daba6d9cc610591e7b572aa88a',1740650061),
(551,19,'4deb1940a83af96df22365cc7a438982',1740650098),
(552,19,'1b74983644fa428a9927d0d8398518f6',1740650098),
(553,19,'22eba0832caf46f93c6c11413bcfcd13',1740650141),
(554,19,'38e19d184fad62391650b2699e262991',1740650141),
(555,19,'643956af547ab1e22ea9e926c586eb2d',1740650169),
(556,19,'3a41fbd5f562e142ed9f59594d96c317',1740650169),
(557,19,'6e406c3849f812ace8f52b79c0aa152d',1740650254),
(558,19,'8d9bccfd1157c12b32a083d1cf38597b',1740650254),
(559,19,'80a0373bfcdca58d4cd477913ce1232c',1740651720),
(560,19,'6180958ba8d7c6d13ca232b2a5fdcd6e',1740651720),
(561,19,'71f7623b764e772232af8d58c54e4ee9',1740651720),
(562,19,'0af31ce400fb8fc9b23090e950ff7862',1740651720),
(563,19,'fa31195820e755b941fd7fbd2221c58c',1740651720),
(564,19,'a1c9b76a6db67363fa29ef24fcc54e86',1740651720),
(565,19,'9206c54d5a845a660a28fb414826ee28',1740651720),
(566,19,'79d6aabee2b20a6dccaa722eb75ef096',1740651720),
(567,19,'b9d3e21da9c504eac587d492915af6fc',1740651720),
(568,19,'f852d8c889553492dad148fb30c27c6f',1740651720),
(569,19,'8293f06921e9a6073d971e1e0b50373f',1740651720),
(570,19,'1611cbcd366914caad921f583a09654f',1740651720),
(571,19,'d3671845f8bcc8a1a8c7f8d5f3dd1fd1',1740651720),
(572,19,'e98070ad351050af94a34aef63de3b7d',1740652312),
(573,85,'33929003305d3c7e429db93fd693a75c',1740652733),
(574,85,'f331bcc3169e6882162eae454f57d319',1740653212),
(575,19,'94e8e008175dc213e05772bad8fc4f3b',1740653354),
(576,19,'2506eb801d8d6d3a5f1f45d70cf3cc32',1740653354),
(577,19,'fb40e7627623b4136ec6ae2430ba64a6',1740653406),
(578,19,'9c119c1b09dce2c41d06a271e929ec10',1740653406),
(579,85,'bdca3a24c0820c27f373735e3b59c180',1740653410),
(580,85,'87c63781a450b53b172b91ff35836fc8',1740653410),
(581,19,'8ae5fc8e8993bf1e7222816f90df0ae5',1740653449),
(582,19,'970b200e5880ccf6f6b40d6558613810',1740653449),
(583,85,'768ab0135cb40fc2f7ee7a60517c9c25',1740653454),
(584,85,'3f9567cea5aa2cd5287f02ca9199bc1d',1740653454),
(585,19,'e2a2dee8cbe373029fb5312f82e99556',1740653496),
(586,19,'30967fc4b7a7918eb45c0b5f474f0578',1740653496),
(587,85,'b30d837ea81018e6194fa9ebf0ff4fe3',1740653500),
(588,85,'f5da2e39b1a6e0e69ed94b77c844f476',1740653500),
(589,19,'9a765e52364d01b4199a54874550c7da',1740653538),
(590,19,'7f4f3967ddd4f6ea0f87fc5b4da36666',1740653538),
(591,85,'8f131e038abf782e65001e4409cc903b',1740653542),
(592,85,'2540084d14dee8f4a6b671bd423d5638',1740653542),
(593,19,'67cf01424b6efe4f4f1a985c04fea7ba',1740653592),
(594,19,'a68fc183e108413770b88c7321e34054',1740653592),
(595,85,'8487477d331943bd8f35915c273c1996',1740653597),
(596,85,'528485dd90d7d3bd80d1a15e5d20c01b',1740653597),
(597,19,'05d9ff91dc4e6d960e67c6a472ad4716',1740653671),
(598,19,'079bd8c0dc5a413da646e8c23c8b6ae4',1740653671),
(599,85,'2b84cca91b42ae0d7c1cb4cedfda4d0f',1740653675),
(600,85,'780311f8c08cebcbcb90e8709f4b7ebb',1740653675),
(601,19,'a0d6688010709f18c4937af312274e22',1740653756),
(602,19,'6d804105acdb2243cb48c8394164110a',1740653756),
(603,85,'5efab7f1b4397121496f3090090f4e17',1740653761),
(604,85,'8e79e1303b21e684260343c20622cd2f',1740653761),
(605,19,'279e9cb01a4ef6b2c29f3d0bbb93214e',1740654086),
(606,19,'851abfcac7662be14981f837e2662794',1740654086),
(607,85,'91858e9ed1efba1c834facfc51be7aed',1740654090),
(608,85,'92ab87e933aaaf194761f55c382433a0',1740654090),
(609,19,'2dfdd94f1469fe1532f4240e75dc6dd9',1740654117),
(610,19,'d8fd95519b3e91f785c8ee804b0beba8',1740654117),
(611,85,'7a779df7501e1dbb6d998adc41abc5c5',1740654121),
(612,85,'9f4d6d42f16b0ff0f32b31a67346f369',1740654121),
(613,19,'34faf83e642155b20ff1ec0c22b14c26',1740654206),
(614,19,'5ea6aab0f54a450e8ca40f9eaccc9a8f',1740654206),
(615,85,'8d9034c9c3c2624125dcd6c8704b34ec',1740654210),
(616,85,'b55c1c05c54b4a989c991e1b55064752',1740654210),
(617,19,'982cba915be875386012f4fd1a76cde1',1740654250),
(618,19,'845841caba4712b508be30b3c99f6e1e',1740654250),
(619,85,'77cda2f188bc1a3e599532551dae7bd2',1740654254),
(620,85,'7c2a96b576ae45f930f8b3cb2fdf473c',1740654254),
(621,19,'4c11a38b4dc821c8bf5abdd480f8967e',1740654415),
(622,19,'feabc2a897c2116149223a9084d11d79',1740654415),
(623,85,'1e2f49a0b3d35fa75da0c7a7526c0a72',1740654420),
(624,85,'7a1c3a9f3f3a74b26ed44150f8adc144',1740654420),
(625,19,'d07fea7d9ecb1c1e9b41d642aca3db62',1740654450),
(626,19,'da5c927dbf49be0af9a881c451c4f0bc',1740654450),
(627,85,'c8a296291cf5e6bb146275f0f1c09fad',1740654454),
(628,85,'6fdcf6f7a553ff5c69a4d537a20ebf49',1740654454),
(629,19,'211416b8aaf092db623319d0aa5956cd',1740654880),
(630,19,'e6e8b6d7fe755205e70786fb4084dc71',1740654880),
(631,85,'5cbda32d9854cfcd470d89e5f5449512',1740654885),
(632,85,'32758ebd7a0c49a9f6b568520288c71e',1740654885),
(633,19,'2f19d1d4e83764070f49c9560664c4e5',1740655159),
(634,19,'465e8d8773f0888b363baf847117f76c',1740655159),
(635,85,'a83a481abaf18db92c5c4b6db543e8ca',1740655163),
(636,85,'b8bad6005c5f524342697a44e6cb4030',1740655163),
(637,19,'e32cc5072f17633bcdffe2561c4d2753',1740655214),
(638,19,'c494732b98c984c8d49a1752cd180ed7',1740655214),
(639,85,'bc2dbe479b28496455ef5eee3c9114d4',1740655218),
(640,85,'68ce214fe4524e1e5d2044001b4edd49',1740655219),
(641,19,'8d342b0eadcea3ecb6290a819da6a84b',1740655707),
(642,19,'e96d7ae1169bbe51ac5e9b04b3198bb3',1740655707),
(643,85,'5911a738de5806377d570a6e2ed542d3',1740655711),
(644,85,'09eb189fdf62b611429c032276ea5d20',1740655711),
(645,19,'3181d65f961b1a6656dfa9003aab6edc',1740656246),
(646,19,'df03260e28e6e74648674333c2dc2bc9',1740656246),
(647,85,'f2ed18e46bd50363598f0fc8083a9576',1740656250),
(648,85,'0f154fce258e7128391080e3258ebf16',1740656250),
(649,19,'a17491f0d7c036fc8d3de629da3cb647',1740656365),
(650,19,'068b52987fdcc9905d91cd33a6c468ef',1740656365),
(651,85,'1481137b6e7b97f05a784463e8e2561c',1740656370),
(652,85,'857ca80f2a8250acb0d3e9f4ce7a02fb',1740656370),
(653,19,'c8efcd1ae72d1fb1a43ba4d29c5b1e07',1740656832),
(654,85,'a420a463b447adfcd3270b331156c2c5',1740657208),
(655,19,'5575ec04c2c55c8f13dfa3775258b4cf',1740660267),
(656,19,'17da239429c05fdaf143c23e34e963e3',1740660267),
(657,85,'4ee3d78b36faedca5a4fa84f8e1d2d35',1740660271),
(658,85,'b96ba7b62c80f2a782a40489dcb9e83f',1740660271),
(659,19,'f4ce272fb536f1c773a616abd082ed99',1740662379),
(660,19,'c14168db4226cd8de4a22b828dd5355c',1740662379),
(661,85,'89752bdbd71a33a8bf9dfd1fedb6d6de',1740662383),
(662,85,'b4e192d44baa8d5da636ae12aecfda0e',1740662383),
(663,19,'95fd39ea7b4b7b71611878a43c794b2a',1740662778),
(664,19,'304b5348efc72b9f55d16461267cebb7',1740662778),
(665,85,'741517400a81c99e6dc4c1e5803180a0',1740662782),
(666,85,'6c7a1744ca647a56f21e662f0391a832',1740662782),
(667,19,'4fed4e7316d8bcffd473624f014855bb',1740662812),
(668,19,'e47675b8e75db8937b432faf01334886',1740662812),
(669,85,'de817ccea0176b5453c51f22cf79011b',1740662816),
(670,85,'54545071a0f5819e104775623a6c3fc4',1740662816),
(671,19,'0daf19248e4cd80446788833c557a995',1740662871),
(672,19,'2381afd66b8050046fec4d1800a55e84',1740662871),
(673,85,'6a169121a63aa2cdfdd5ba9b9b318b8a',1740662876),
(674,85,'42a7492aaab0fabbc0694b8ca16f77a8',1740662876),
(675,19,'9b53dab76ef02204d241c8cedb482138',1740663094),
(676,19,'5e2986deefc9d0c15fb2fcbb9572d670',1740663094),
(677,85,'5850a0e3839208b27d15cdfabe8f26a3',1740663098),
(678,85,'feb4d5d81c61e33f3f0298b06a22b645',1740663098),
(679,19,'b41bb19c8999edf90b2f663a4155923a',1740663239),
(680,19,'800e8d0e78575cdf1271b2f2778815b9',1740663239),
(681,85,'308b91d03b9a6213f75f3564d724b400',1740663243),
(682,85,'7d37ed5eee38bc0b27a4a82956ca5149',1740663243),
(683,19,'f104246ed8166b4d68c39999d97b7922',1740663265),
(684,19,'87b58ff3da39e38870b00498c6625d16',1740663265),
(685,85,'65d1f1bbb8c9a03f055cbbc35473dd2f',1740663269),
(686,85,'b752c90355c0a33f5837217a5cd93246',1740663269),
(687,19,'d82a5d7571aa044cc5184031118658b7',1740663410),
(688,19,'a00980ca254fc2e71ce9217fcd771401',1740663410),
(689,85,'e5d8b3a6e05814ec9dde8d5390b42574',1740663414),
(690,85,'365e46b07dce8bd59023f57dbcd66c1f',1740663414),
(691,19,'ad5423f577ebed3aa681f87f4ed6336b',1740663473),
(692,19,'c3db776f2d073e5f209d162672420e27',1740663473),
(693,85,'822b609d9ecc0780355344ed23349e53',1740663477),
(694,85,'efbc8889136e736408183c64db6dc303',1740663477),
(695,19,'e000aa5b8a37d162b40c6588d66e4da2',1740663528),
(696,19,'3eb18c646c2d2bcf2f53eda7c2a66ba6',1740663528),
(697,85,'6d6ad5d575f3a2d423a0e399b97623d6',1740663532),
(698,85,'f6627ba0d2bf67503f30210babf746e0',1740663532),
(699,19,'eb4f4d6ff732095315922274d8248592',1740663596),
(700,19,'6c90af50596118ac577813a6880072a9',1740663596),
(701,85,'378a271232bd9fbfea8f6478deabd5d1',1740663600),
(702,85,'2dc25035b2df21f68c41e91d8d55d6c0',1740663600),
(703,19,'cdd5b9439b964208bd4b2c0b6a8107a7',1740663669),
(704,19,'5dd7f86fd48899656fb3be88ce3eb4ae',1740663669),
(705,85,'7ae1cf9e102ec297ef477822ae3a732d',1740663674),
(706,85,'4bb42b19ae3600c92ce71518c66939c1',1740663674),
(707,19,'985c944b85f3087cd97521e35e25fe63',1740663727),
(708,19,'af258299231be8964b520e5269fe3805',1740663727),
(709,85,'648b202f1abce0e901c348dc59e8c259',1740663731),
(710,19,'4a23c830a89aa34e5ccf7355d09d1157',1740663870),
(711,19,'3893b425193efd61fbd20612a67ff1dd',1740663870),
(712,85,'ae90804cda3c5610982d89f8e1676821',1740663875),
(713,85,'f1065c1e5cc2adbec1de74f5d65f4f0a',1740663875),
(714,19,'ec1dd1968236f2a98408ef4ef90cac73',1740663996),
(715,19,'b828cf2ac0b4a15bf11ea84f61795ded',1740663996),
(716,85,'6ea414fa3fda7e3d5ee6f75b51a8bc38',1740664000),
(717,85,'bc69b8965821368289193c3a92fb3d23',1740664000),
(718,19,'de44962f8c699e2434d6591943a6168d',1740664241),
(719,19,'cccc9a902b11fbd1e5c69abe68009487',1740664241),
(720,85,'9a339f0fefca275db2ca669a4e4de754',1740664246),
(721,85,'9c3a07b0b84a810c210d5844afc07ae5',1740664246),
(722,19,'00e0c7efb1e09c1c4da13c32341fbf39',1740664651),
(723,19,'79efd53dadd5ff751084e150b784775f',1740664651),
(724,85,'d1ea5ffc5ea32d3a16b45cd0b16e3fdf',1740664655),
(725,85,'d2da9c5af0e8beb0142ce6d8e2fb85af',1740664655),
(726,19,'d2152e1169ac4a5740187cb651e82d5b',1740665413),
(727,19,'e9838270070d79b23fe35ca21d10757e',1740665413),
(728,85,'020852c0f6b38a21f7404eeaa6ac1b99',1740665417),
(729,85,'da0167ec5b98aea0d8c5339780c6a8b9',1740665417),
(730,19,'c9b7b1f6e631985841eb70d190b475a3',1740665532),
(731,19,'62d4f548cb44532ef3e44e6edfd0d1ca',1740665532),
(732,85,'219dcdb7a0d0e424d0590932c601d25e',1740665536),
(733,85,'b0232fb2a8299fb1b72caab77492d6c2',1740665536),
(734,19,'ae2db475f967acea850ec8e852679f46',1740665590),
(735,19,'2746c50af5b0343f6ea6a44f2e48a75d',1740665590),
(736,85,'0e3050aa2160f79e86bd0cf6ce6d6639',1740665594),
(737,85,'59f209499c4cd0e2b3f07f35007df332',1740665594),
(738,19,'9a44468a1594a95b9f7b7cbf7e0a3905',1740666060),
(739,19,'93b3fac450cc29cb65643c6a96d44871',1740666060),
(740,85,'8cc9cffa05b43edea7d181fa014e37f0',1740666065),
(741,85,'2a167dfeafa176688754830ad044f978',1740666065),
(742,19,'ca01c50c932eed5b3201c39b00e87f4a',1740666284),
(743,19,'fdc6eaec2eccd35de83f1cf44d001cd5',1740666284),
(744,85,'3fa9cec66e82c778bd02b87fbd6f3a45',1740666288),
(745,85,'0b8467ba91eb15fc50fd82d919e25158',1740666288),
(746,19,'d0278db03946af3ee148bdab9fb50b8a',1740666586),
(747,19,'c8a2dd978c0a9f447752f7b375bb986c',1740666586),
(748,85,'a1db6087095581ac3de41b5ab6f0a826',1740666590),
(749,85,'2c22ede483106d89e75a2115a3d75a50',1740666590),
(750,19,'b10861b87c1f3a60382a6d63565702f7',1740666790),
(751,19,'90120fa05bdf89de0aa91dbfb26539cf',1740666790),
(752,85,'5d1f825d57e5b01bece030eab2d49fe5',1740666794),
(753,85,'95005880c906fd9abc41fd3ab86743d3',1740666794),
(754,19,'8955733ff42afc6e67e4c789ceebd7dd',1740668523),
(755,19,'c29e7afb59cf64bd6b9bf6124386bb27',1740668523),
(756,85,'a639566dfd8ae0be245518d746cbea82',1740668527),
(757,85,'08458a666593b7755a455e90158220c3',1740668527),
(758,19,'3c4c6e8d1c61a2c610fefb1ca70c2091',1740668561),
(759,19,'df760db09e145309de7bde5c8f22d541',1740668561),
(760,85,'517cc89d255412b06b41a65705eff8f0',1740668565),
(761,85,'e27fc2534bfeba1d0ca720d55328bf69',1740668565),
(762,19,'d4dd515e627453ab215132f4e71d1cab',1740668649),
(763,19,'73b1521327dee9343ff91e669fc045d2',1740668649),
(764,85,'3d40d87ea711a2418c37760ef8769933',1740668653),
(765,85,'8e088165c279100105d0c0c1785d8fb2',1740668653),
(766,19,'64b69498f556c28049df0ec5da05e0fd',1740668759),
(767,19,'3ed682f0b0bffe31da0186d34c69c1c0',1740668759),
(768,85,'aa398b65482216b35aa1c438c00a0cb7',1740668763),
(769,85,'62542bfcfa7e54cbd6e7905494b33819',1740668763),
(770,19,'a2ac4cd0ee958f2857c630648201aead',1740668857),
(771,19,'705b7777cc28a00d5c23d1713eb1bc76',1740668857),
(772,85,'1c7c56269a0b9d40234875a469a8e619',1740668861),
(773,85,'ac73fed5d3ef9bfb61d7ff3aa55b570c',1740668861),
(774,19,'188a7e342ffa2718758379bed97758f2',1740668885),
(775,19,'cfa94d84b60884d0b9e57f946480d02b',1740668885),
(776,85,'92af5af937d460a2f9e044f76d1a2cf7',1740668889),
(777,85,'d5e7911a0ccca7451f6665a596f90b0d',1740668889),
(778,19,'aa0521421be2a3352e23ac5992278188',1740668923),
(779,19,'91a930f4b23a99155a3692ebb0ca7f6c',1740668923),
(780,19,'38e344183e002e503c65c968632ddea2',1740668930),
(781,19,'6514deb02f998338e91062626359103c',1740668931),
(782,85,'0f2df05f952873ef7f95c2ad8539b3a9',1740668935),
(783,85,'318ae07345f4f0b75555a7dcf6c45a37',1740668935),
(784,19,'29e4bf67728157e1197c170b7b2d96ee',1740669053),
(785,19,'c2496a5d6ee9518b95c84bd03c86976a',1740669053),
(786,85,'7393c6accc8d8343c769133a8d1949e6',1740669057),
(787,85,'2dcd31d12ae803eaddb06f9c152eb031',1740669057),
(788,19,'50a58d9406d2ee39e44e5cb499f93473',1740669097),
(789,19,'6cb8a2a0a89d0a0c4e6313fec88def5e',1740669097),
(790,85,'08eb445822b788d75d4c2a077d6843bb',1740669101),
(791,85,'a5f9bdfa3221f921424292575c36f76e',1740669101),
(792,19,'2b977317a248af1b3a1606a2d55a1ccd',1740669129),
(793,19,'51d2c2f9fb1c455a4fb79a46ebbd30f8',1740669129),
(794,85,'1cc25a7c4000f0d0637743e3f9af21c3',1740669133),
(795,19,'e570e571c7829adf5bd853d16ac9c42f',1740669190),
(796,19,'465887420e43e752a4be518166ab82fb',1740669190),
(797,85,'d56b75a01909a98741c79a3d426d9216',1740669195),
(798,85,'e845714be2486477084b5021ce441731',1740669195),
(799,19,'03c31ec00b29a1f833a03655549af0ac',1740669252),
(800,19,'d39c83c7194b1f572953b40e00bece53',1740669252),
(801,85,'e60a964b0c68e8a4ed17348d1cb9c4b7',1740669257),
(802,85,'f0fd159d1f26eb3fa290f5b0b2ecb8f7',1740669257),
(803,19,'015a97e8228c6d95f2db92a28b404ba7',1740669363),
(804,19,'bcb77ef9e5ab102230ae092685b840ff',1740669363),
(805,85,'f6675969dce7b9ec347eaebd620d5abd',1740669367),
(806,85,'a534306cdfc64bb9ce60d2782dfb29b3',1740669367),
(807,19,'d682d8e27017c418edc6de7aa1c87323',1740669391),
(808,19,'e6b31031367534e8d32b81f9c91c4d3b',1740669391),
(809,85,'a4b53cc93345928ea265c06b2bff469c',1740669395),
(810,85,'6266802fb2478b2247ab573ce5e41d33',1740669395),
(811,19,'a3ac9566244569e340e6fc68e0aea4d1',1740669480),
(812,19,'0a947e6aa11df85ea04958007eb78770',1740669480),
(813,85,'1a07f4624d2baf4b0fd455656a82345c',1740669485),
(814,85,'5addd6ee20a1a1506b50bb22a9f3879e',1740669485),
(815,19,'c6aa2c0d895fffb1dfea81e7c303166a',1740730260),
(816,19,'394ba297212d08b4b8248311c4527d2f',1740741187),
(817,19,'1483c51d641496950bc0f4cd1edf3ae0',1740752868),
(818,19,'4a36c1fd3d317f9e910b053ab18519f2',1740752868),
(819,19,'7b1e469a63db56e47c3c7f810097d7a7',1740752906),
(820,19,'a066a042ca00b019fc45199ab36b8cae',1740754185),
(821,19,'256ff509e0f475fd64008ad0bad19034',1740754496),
(822,19,'f231563216762057fae295b1c4bc916c',1740754811),
(823,19,'6cf9254003712b349e741aabbde5f846',1740755368),
(824,19,'233479c7edf5faf17797acc6e2ad2ac0',1740756834),
(825,19,'ef16f4db617b59c476406cfaac2ac9b3',1740757193),
(826,19,'87493fa0fecf4254933674aa66672fa0',1740986390),
(827,19,'43afbaac18e474ebc34b6361ea490407',1740986739),
(828,19,'8198cae579f0a40fc959f3ff3ba22437',1740987196),
(829,19,'4f998808b81dee0a02004c1082b4b1f4',1740987823),
(830,19,'993540b6db38599ff471e43a31a5c446',1740988146),
(831,19,'d28c9eff7d401e642d5bcc5d326febd8',1740990691),
(832,19,'08b83f1c91b78d644ca1e0dbfe9f0f4f',1740998451),
(833,19,'c5fc71de833ca6c11ef2a684960b455b',1741003407),
(834,19,'88493666784056079607dbd425ab9d7b',1741003407),
(835,19,'15ec7f22f7bc035798ba456fbab7bcc5',1741003809),
(836,19,'215df309420052fca09596753bcd4799',1741003809),
(837,19,'297632de9464b005e61217712b235402',1741004007),
(838,19,'e84f96bb563d2b257a4ab64e0584d215',1741004007),
(839,19,'156d08dddbd6b5046de51878b3129bdb',1741004030),
(840,19,'8654d41aec95026c4c1ce55134c42600',1741004030),
(841,19,'c0d109546eb409bfa55640b9276e1721',1741004114),
(842,19,'46dd184e75b279e0d8113d76f1c380f4',1741004174),
(843,19,'9edcd5f388e77a636d403a54085296fa',1741004174),
(844,19,'9bf28493d4d6a2af065180591232c61c',1741004215),
(845,19,'980ff923df30695f9aa543cc14beea42',1741004215),
(846,19,'58bc4219bcc3b0083e51fb2e21d1c76d',1741004649),
(847,19,'43b49c1f1dc3b3acd5670c6031e7ad88',1741004649),
(848,19,'200e5557967ce88616f09fbe589ad93f',1741013048),
(849,19,'51017e38a70b39da3c5b1ac3ec87ca22',1741013048),
(850,19,'c428c5fcb2b54b78bad59dd6b29b45f9',1741013823),
(851,19,'64a36fb3f9bbd45f93cc65ffbb432a08',1741013823),
(852,19,'f9544c28f22071a167e7f189c645f2a1',1741014389),
(853,19,'3d0498ddc92c427c0afffd5e45a77f24',1741014389),
(854,19,'17608344026cb5ad3171caf10d483be0',1741014513),
(855,19,'a6d2fcb298f6d25074c81bdccf98c80d',1741014513),
(856,19,'ab3ba06a8957d9536faddd95d8ca85f9',1741014846),
(857,19,'b80d03d694fd85ea0203528eb9b6e39c',1741014846),
(858,19,'8306640aa51a3c65b4a754c97006699f',1741014863),
(859,19,'b4d7ed2e44447325c93bf46dfeffb56c',1741014863),
(860,19,'88f4d5cab34b105cac3907a2cc295696',1741015048),
(861,19,'8e143073ad12d83538d6f8583a59da50',1741015048),
(862,19,'20391a03c0edfb747c2da363a93cda36',1741015132),
(863,19,'f27203f330195f27477a9d288359e32d',1741015132),
(864,19,'9f528eca52f27e8d1b931965c31d4dd6',1741015219),
(865,19,'2cca35c57c0820fc655e8e3f805fd44f',1741015219),
(866,19,'856422dc9d620184d3c8f19ffd7aab52',1741015371),
(867,19,'d89ba82979b02de82de72dece1abcf7c',1741015371),
(868,19,'8e44b013f28872f66bfef19a494e42d2',1741015428),
(869,19,'65d4e933025adfa2b7cbd566a17de37b',1741072715),
(870,19,'e843b459435c2da81d4153e7ac20e2c5',1741072715),
(871,19,'70d4923a69d0d1b2bb043634ffa256cc',1741694879),
(872,19,'6344a2a159fdab32f4f970b858838d40',1741694879),
(873,19,'d51a7fb513b45a746db4f32113f52d34',1741694953),
(874,19,'f2cc2d70928b9a429c84e79d4ab67d56',1741694953),
(875,19,'41b74acbb44f3d3fa13f8346d5d1b21e',1741695040),
(876,19,'9a47f08377666f2c443d7ccd709ea7a8',1741695040),
(877,19,'a440684361b4acfb1aae19a4b36229aa',1741695081),
(878,19,'374013170c41b1d7ceb4d02625aa2e1c',1741695081),
(879,19,'700a394ff39845758f1d780fc65e010c',1741695322),
(880,19,'a858546f4089293deba2aae236df6237',1741695322),
(881,19,'2cde538242f8d9d6a70be0f5c2b5ebb5',1741695451),
(882,19,'f0022ee8ae7312f445c9bea58a72c7b0',1741695451),
(883,19,'ceba93551bbc2a9cb0798fd4297cd1c5',1741695568),
(884,19,'00e945b178d23e5d811a9efb469a0b6a',1741695568),
(885,19,'6256ff4d8d1766ea539b421698744593',1741695604),
(886,19,'194f2e599475f5a77b3aa46a1ee18d1e',1741695604),
(887,19,'4b76df6a3e9f30b1e4782b033d9766fb',1741695631),
(888,19,'d55eb69dca199599d32af639c99d233b',1741695631),
(889,19,'7821e3deb876f62e5ce41bb23c9c5c9b',1741695648),
(890,19,'acad523b87980795af3d9ab8cf5744af',1741695648),
(891,19,'e0f807d8a0eb8ccf6da097a683e5a438',1741695811),
(892,19,'11febd6ea2ce9eec28e7f82a2f650038',1741695811),
(893,19,'9d3087e4bdf2d89dae503b90111140f3',1741695857),
(894,19,'dd9cd699501d536501ba9c26afc843a5',1741696044),
(895,19,'d8c49f544da83324a532ecdfd8bdf3e0',1741696044),
(896,85,'731b63c160f04ec7badf8be66232183b',1741696048),
(897,85,'70514e0ff6388bc16c6f314ee26440f0',1741696048),
(898,19,'1d2da611c70f17523e893720e381b17a',1741696194),
(899,19,'d5ac1b954928c17ea4ce944ed663110f',1741696194),
(900,85,'279b4c51bea2b5e08329df6f5a5c1a63',1741696199),
(901,85,'186165d763e23a8ba9bc7db72fb0d51c',1741696199),
(902,19,'8b9352abe5f369ba346ec2e30c0bb140',1741696219),
(903,19,'a97b1d0cb1d0b7a69b2932085ee93f06',1741696287),
(904,19,'013af8ec940d112bdc334d2985bd2f90',1741696287),
(905,85,'6b10ed0b80e7eeb739530806e0a3d8d5',1741696292),
(906,85,'e24699ed1dbb693a7df153617ffbdce1',1741696292),
(907,19,'f73bbd31573de0a9376cf8f5a4324575',1741696571),
(908,19,'9759176d39982f3e38c5d431a19b2619',1741697307),
(909,19,'67b3d442b789d21a665bf0f9bb7bdc85',1741697307),
(910,85,'54ee05a1e7390804b67e196fe910b152',1741697311),
(911,85,'dd8fc15223b0c16ce47285cc15ef3189',1741697311),
(912,19,'977328265f4620518d665bb486b82235',1741697331),
(913,19,'b97b41ba60b3351442f7cb68482b4ae4',1741697457),
(914,19,'9055e60222025af47eefb582005cd2e9',1741697457),
(915,85,'6123b13f9b5beb12f2023bda7ec2ddb3',1741697461),
(916,85,'83767a3d6ac8165686e28453f4da7a57',1741697461),
(917,19,'8ad35323547deab4412881cb6686af52',1741697521),
(918,19,'9ad889fbc755602a9a1204c6b1cd87ff',1741697521),
(919,85,'5c8236e062ccf1d327fd280e47942c0d',1741697525),
(920,85,'bec38f516c67637dab283625ddf75630',1741697525),
(921,19,'f23ad54cf6e7707703d56d7fd756d246',1741700459),
(922,19,'32f83c941813fdceda8a2d7003368ccd',1741700976),
(923,19,'b3cd899ed51cbd8b5a9873236811caa9',1741703279),
(924,19,'38eb5e2c2f29bc53d97361b83ad9c602',1741703647),
(925,19,'f26d51a6ab12c604edc3e825e7017efb',1741704356),
(926,19,'5af12747bf93a21828249c090e0a636a',1741704668),
(927,19,'0f272772bed8bf7185d7a5b897762f3a',1741704902),
(928,19,'fd61bbfd3f25685f30dd0a4694ea5fae',1741704902),
(929,85,'387cd6c7b5ff1fe7b6fc3173d2673126',1741704906),
(930,85,'e2a5af72a30681c5199183f445ebb004',1741704906),
(931,19,'ce76ececa5113e6ca79f19254fa993ff',1741705210),
(932,19,'c81d32b7707f98e9e7909639e832926c',1741705699),
(933,19,'b14dad2961264d89dae2874f044d1560',1741706067),
(934,19,'b534edf45bd8bee4c237e5afba160520',1741706470),
(935,19,'05688e726ae3672b18d5ae3b57559ced',1741706896),
(936,19,'0e8a2a74580c1596c32c59eaf04a308e',1741707369),
(937,19,'7792e3994809357e6aa972037dece578',1741707988),
(938,19,'0bd610e98f9eb931a123ae055ea1bdfc',1741708496),
(939,19,'4e948c36ff2095d0a2a463c50f9a12c5',1741708596),
(940,19,'2ef2a9cb5c9dd272c365797f126be20d',1741708596),
(941,85,'a80f8ddafc636d114195760b60ab9fe8',1741708600),
(942,85,'2f287e37e62e7ee8a3382edd6b85f00e',1741708600),
(943,19,'8d876dd8446e47c5fc904105c8cb2162',1741708815),
(944,19,'71caf50173021817e4edd365777bf3e5',1741709335),
(945,19,'bb1fcdd477bcef1ce009dc62d67080de',1741710088),
(946,19,'56ac11575af815658e14d8d89d2d514d',1741710505),
(947,19,'9a46effab9955e8ae53bd4a0de2835c4',1741711067),
(948,19,'0d8e027c3e85fe22a1dc730bb1d2977d',1741711437),
(949,19,'d530693d3add1ce410687227acfa7940',1741711904),
(950,19,'9ae539aa03f5b1fcc447d86d41f6cef1',1741712268),
(951,19,'885b583140df5d2e0d03604c60e680f0',1741712699),
(952,19,'e3571a38b6ea3931f45132fca7f23b7b',1741713482),
(953,19,'0c88c3e05fc0af180d9cc28e937927e9',1741762850),
(954,19,'64d881d7ca561110b89b2d8ae8bb9a7f',1741763263),
(955,19,'1292d5a59926dcb67486362dffe46c10',1741775240),
(956,19,'32aaa848d4b2c6e3e5fe0f57132e4c18',1741775733),
(957,19,'6b30e3bd3e39b8d172ff8353a8504900',1741776504),
(958,19,'924e023db2255a16daba592df59e1edc',1741776823),
(959,19,'9e49dce10a00a67e95a9cfc60b421b38',1741777232),
(960,19,'6bd081dc2f3bc977b511c7a0639d4ad3',1741777571),
(961,19,'89a1974fe8613548052a9019bfac4b43',1741777936),
(962,19,'31026f84e3e986495a1b490c64f1e0b2',1741778373),
(963,19,'dfb3abf8d20f5b7ac52df9df9bf91c09',1741778834),
(964,19,'b4f0d43f1a571759dcdfb960822a208e',1741779186),
(965,19,'35cab923a8585e5240f94a3d21d20c0e',1741779511),
(966,19,'fcedaa8e7d73f927f52085d13b44ea9f',1741779859),
(967,19,'f8f58d7498f162f6d7f37ddcbdeb372d',1741780382),
(968,19,'385a3337da9ec543b260179f66fb6df9',1741780792),
(969,19,'27f1ad5336c7140368cc174882f4366c',1741864267),
(970,19,'a6777785abd3504c538af151c3775b71',1741865007),
(971,19,'cbb8c6684323be30fe39ed450b68dc9f',1741866065),
(972,19,'6fb139b9f929c85430934f057ac9e490',1741871505),
(973,19,'e03c453775254dc5c25de85f96310ff9',1741871827),
(974,19,'b360b7d80604cb0f73a98da031e5c191',1741872977),
(975,19,'54bf40eb82aded27977b8d59d0b5ab89',1741873355),
(976,19,'42300f96e8f763d7ca071aaa09a62ac3',1741875040),
(977,19,'a62d6014a32625f84d34d641088b02c5',1741877150),
(978,19,'db967c17f46f710038138212bdf946dd',1741877804),
(979,19,'48012a292f82250073981203a9d7fd1b',1741878114),
(980,19,'1a185712c4e07fda07759513210dfab5',1741878431),
(981,19,'a7d75c861b5a7fa7a602fa4232a6cca2',1741878771),
(982,19,'0a5e8d7116bfb9cbf21f1d03835e2d9c',1741879383),
(983,19,'94336b8f65484ed2d7858307a66bd8a9',1741879702),
(984,19,'40a10eb3722bf9982806099d8415801e',1741880047),
(985,19,'e1b04ced61203fad2f88812b76010f60',1741880447),
(986,19,'76136211ca650d79c6e95fd19739f534',1741880766),
(987,19,'a2e0efac15a2f961b5b529a5504c9616',1741881090),
(988,19,'2804dc0f563aec434052f3ecc5380b69',1741939485),
(989,19,'0293c5a3b580bcd2d102c030b569455d',1741940241),
(990,19,'311394ed9af01a6e775f3c9488f1b53e',1741940654),
(991,19,'fcc6ecdf0ea4eb8e13a88a902d269f88',1741941231),
(992,19,'2d235374f0ca3574cb63492eb5c688c8',1741941673),
(993,19,'dc10910324e92869b409897484de98ae',1741942001),
(994,19,'80f348854096c3e257dd36f092c5023f',1741942471),
(995,19,'e34c25b9528c7853435d8ff9b725fe2d',1741942896),
(996,19,'f98538c8e6644e5d7d29014775e16e24',1741943446),
(997,19,'956a05007ceaf4fe283745c52ae4774c',1741944918),
(998,19,'428add3ce6a5b1a1694c96a37685accf',1741945302),
(999,19,'3d539770df241a65fb36ee008b27e792',1741945626),
(1000,19,'7a2fa7728b8d578cd1502ec259c94280',1741945954),
(1001,19,'3bd853e338495ba9d6e911c150c9c15c',1741946315),
(1002,19,'d7d1e594bea10ba8dde095fb6202b578',1741946686),
(1003,19,'5755e2260de7e12309d48ae7fb211500',1741948454),
(1004,19,'e2bab34751720a6d90f254ffff0fe9e4',1741949013),
(1005,19,'ebf91a8da3fd152b1395bdb78fe9d8af',1741949410),
(1006,19,'861a7c04d1fb70f2b4da77af0fccba55',1741949732),
(1007,19,'524e2be36939633e010531b30b7d0512',1741949943),
(1008,19,'48cd8e87ea916468c0238c31d091b5a6',1741950341),
(1009,19,'100957e56a5be889a85dcfdeee37d76e',1741950740),
(1010,19,'575907f350f727da7097f2132be9c404',1741951107),
(1011,19,'ce3cff53e42d4df291cfe1ceb563775b',1741951575),
(1012,19,'71aab38f69fedb00da2e3e89588a3e2a',1741951915),
(1013,19,'6cee0c3b790ff187acd1b7fe9eaffd5b',1741952251),
(1014,19,'f50e384eaa67c4392b127017ebe55e08',1741953076),
(1015,19,'559611cca8478cce143e6cb07d683426',1741954236),
(1016,19,'9064ff554245d8e834a7954ecdd30a4f',1741954558),
(1017,19,'5fb76536fcc83c52ef56c82fdf781642',1741954876),
(1018,19,'fcbb0f5dc44dbb837465ed81384e0dac',1741955294),
(1019,19,'6056b71e26e5216706bb45c5f1efda7c',1741956288),
(1020,19,'1a081dfc63764f23f3d32e9fe85c03ba',1741956627),
(1021,19,'ff882cb3a3507cf9518c6c9049374840',1741956979),
(1022,19,'c48a8d2202cbd89fdc9920439b853dde',1741957592),
(1023,19,'5892d5132191f7c3e681947a01715c37',1741957991),
(1024,19,'2a57135821b2de5ec9702eaa8cf879a8',1741958373),
(1025,19,'218789507effdf5e8dfa725b33ae6875',1741958682),
(1026,19,'2d522c0cda7128ce6fa5722d18a8f963',1741959464),
(1027,19,'6b80887a5dcea21e3618a81a23d0371c',1741959777),
(1028,19,'e617294aeca4ff145a0c4054d94c9112',1741960099),
(1029,19,'55efe4f71e740acee7c5cbf0471fc829',1741960550),
(1030,19,'4dcb53032649f0842a3bbbe7e5bfc93e',1741961156),
(1031,19,'8f5526abb8c7e59ef1cddb81f3c985f2',1741961768),
(1032,19,'3e3bffbf49626ab9b5ae151c452528d8',1741962156),
(1033,19,'9996e7022119f26b57464f95aacb1337',1741967734),
(1034,19,'877b5d146ea3642dc75ac43582787133',1741968099),
(1035,19,'70979afc8db8c8ec53c0183b7d5a4bfc',1741968682),
(1036,19,'63c0241faa6074699d83ab5a89403104',1741969230),
(1037,19,'e85aba0586aeebaa40f9eb6101d96fc6',1741969778),
(1038,19,'7fb4e6ce41ab6c668e7fa089f110d93b',1741970138),
(1039,19,'8802f465068326573a08e0c32ce2c3bc',1744182102),
(1040,19,'b8df9891eddeff4ce8813ebe9e1fc75f',1744182690),
(1041,19,'7abc2cc063e03abcf8321542dbf1636f',1744197703),
(1042,19,'4ff7539a9bd16af6ebc6079b83f2206d',1744202599),
(1043,19,'ef60ce13f9a7de844e4988ffff852bf8',1744202599),
(1044,19,'c8a2af56f7394020f5d509b4e5d61a87',1744217065),
(1045,19,'5cc571155ecfc3135edebc72293b56fa',1744281896),
(1046,19,'62ddeec56adf87727bd6c91267d76db4',1744290222),
(1047,19,'c4ed8fcd11c0487eba71acfb66d80da2',1744305206),
(1048,19,'bbf2b7a19d4378efae621ab8338a9344',1744365837),
(1049,19,'56523aba81389cd54d2085b8b6ede5f9',1744370743),
(1050,19,'45c45cceb7151ff4e5a1cb851027cf7f',1744385208),
(1051,19,'7ac2b32ea23098cd68c94ebfdbae39b9',1744628104),
(1052,19,'42b3680b594a320af9711cb4fbf5f185',1744643491),
(1053,19,'db31ba68c77ec170d42fe36c04b91ae6',1744715241),
(1054,19,'3ebd6be05b4896e45f235449b510f586',1744744781),
(1055,19,'542faf67bcdc1216c01fe6d013203da8',1744790099),
(1056,19,'c3fbd9e7ae61b22b3453756ff5d49b78',1744790099),
(1057,85,'52617aebb22ef5e65271d71b35b2ef85',1744790817),
(1058,19,'c3cf2a41f5d4b3a3e9db46a23547934b',1744805284);
/*!40000 ALTER TABLE `session` ENABLE KEYS */;
UNLOCK TABLES;
commit;

--
-- Table structure for table `test_db`
--

DROP TABLE IF EXISTS `test_db`;
/*!40101 SET @saved_cs_client     = @@character_set_client */;
/*!40101 SET character_set_client = utf8mb4 */;
CREATE TABLE `test_db` (
  `id` int(11) NOT NULL,
  `test_enum` enum('0','1') DEFAULT NULL,
  PRIMARY KEY (`id`)
) ENGINE=InnoDB DEFAULT CHARSET=utf8mb4 COLLATE=utf8mb4_uca1400_ai_ci;
/*!40101 SET character_set_client = @saved_cs_client */;

--
-- Dumping data for table `test_db`
--

LOCK TABLES `test_db` WRITE;
/*!40000 ALTER TABLE `test_db` DISABLE KEYS */;
set autocommit=0;
INSERT INTO `test_db` VALUES
(0,'1'),
(1,'1'),
(3,'0');
/*!40000 ALTER TABLE `test_db` ENABLE KEYS */;
UNLOCK TABLES;
commit;

--
-- Table structure for table `test_db_2`
--

DROP TABLE IF EXISTS `test_db_2`;
/*!40101 SET @saved_cs_client     = @@character_set_client */;
/*!40101 SET character_set_client = utf8mb4 */;
CREATE TABLE `test_db_2` (
  `id` int(11) NOT NULL,
  `test_enum` enum('true','false') DEFAULT NULL,
  PRIMARY KEY (`id`)
) ENGINE=InnoDB DEFAULT CHARSET=utf8mb4 COLLATE=utf8mb4_uca1400_ai_ci;
/*!40101 SET character_set_client = @saved_cs_client */;

--
-- Dumping data for table `test_db_2`
--

LOCK TABLES `test_db_2` WRITE;
/*!40000 ALTER TABLE `test_db_2` DISABLE KEYS */;
set autocommit=0;
INSERT INTO `test_db_2` VALUES
(0,'true');
/*!40000 ALTER TABLE `test_db_2` ENABLE KEYS */;
UNLOCK TABLES;
commit;

--
-- Table structure for table `user`
--

DROP TABLE IF EXISTS `user`;
/*!40101 SET @saved_cs_client     = @@character_set_client */;
/*!40101 SET character_set_client = utf8mb4 */;
CREATE TABLE `user` (
  `user_id` int(11) NOT NULL AUTO_INCREMENT,
  `name` varchar(255) NOT NULL,
  `pass_sha` varchar(255) NOT NULL,
  `salt` varchar(255) NOT NULL,
  `pepper` varchar(255) NOT NULL,
  `registration_date` int(11) NOT NULL DEFAULT unix_timestamp(),
  `last_login_date` int(11) NOT NULL DEFAULT unix_timestamp(),
  `access_level` int(11) NOT NULL DEFAULT 1,
  PRIMARY KEY (`user_id`),
  UNIQUE KEY `name` (`name`)
) ENGINE=InnoDB AUTO_INCREMENT=86 DEFAULT CHARSET=utf8mb4 COLLATE=utf8mb4_uca1400_ai_ci;
/*!40101 SET character_set_client = @saved_cs_client */;

--
-- Dumping data for table `user`
--

LOCK TABLES `user` WRITE;
/*!40000 ALTER TABLE `user` DISABLE KEYS */;
set autocommit=0;
INSERT INTO `user` VALUES
(1,'Max K','trhtgxjzjk','ututgfzt','test',1739535194,0,1),
(2,'test2','057ad60dd31f82ec424be8437503bc29','92\"ND&FamYhm?kW^)V8f4:(,$S&{|@hb','a2d47c981889513c5e2ddbca71f414',1739535194,0,1),
(13,'test3','e6479cfc20b7fadb24bdb7c160325e03','c0vp\\%y>~!8p(CN.5B;BSV%;{AgfO-M^','a2d47c981889513c5e2ddbca71f414',1739535194,0,1),
(18,'test4','7589eabb27352b3d4ad282b21a275341','NE+9d*(@+FP;z#_PF(CZ?gnrJbu~n&=5','a2d47c981889513c5e2ddbca71f414',1739535194,0,1),
(19,'max5','0bf301312acc91474e96e1a07422a791','vAfcB\"$2NE[C}Rpw)9vhI/-4YPS<}?@F','a2d47c981889513c5e2ddbca71f414',1739535194,0,1),
(20,'user1','facfade6f7af5902067bb6158af3f3d5','4\\]N52U(AoaKnm=0!P/~\'-)bz!kAxRaM','a2d47c981889513c5e2ddbca71f414',1739535194,0,1),
(22,'admin2','5f9d32e7b5b8c62ec5ab006a734530c3','a2d47c981889513c5e2ddbca71f414','a2d47c981889513c5e2ddbca71f414',1739535194,0,1),
(23,'admin3','74dc99f527fdbe1826fc6b070c536af6','K1+!M0/^PdaHJE2$6<,A%,HO\'Nzy2_Gs','a2d47c981889513c5e2ddbca71f414',1739535194,0,1),
(29,'admin4545','d591e10c3c011bd5582ad4381012b8d8','FnZ\"$e*$a([WlDSQB2$M(aXTNET=d^&N','a2d47c981889513c5e2ddbca71f414',1739535194,0,1),
(30,'testing','fa5d42f6ebe5bb8e25c6b6addf00ae31','34a7259e1dd0a6e3a08cd9b631219ba3','a2d47c981889513c5e2ddbca71f414',1739535194,0,1),
(82,'bug','4574898fe827f6a1e78bf394c8c7c8ab','4437b2372f0ca7604a48200724e46fcb','a2d47c981889513c5e2ddbca71f414',1739535194,0,1),
(83,'test','a','b','c',1739535349,1739535349,1),
(85,'Admin','4f3d9c5f4ffa47e7ee8f9231abc2929de8573dad','f13f70a20a196d35f729374539a667ac','a2d47c981889513c5e2ddbca71f414',1739871262,1739871262,2);
/*!40000 ALTER TABLE `user` ENABLE KEYS */;
UNLOCK TABLES;
commit;

--
-- Table structure for table `view_modes`
--

DROP TABLE IF EXISTS `view_modes`;
/*!40101 SET @saved_cs_client     = @@character_set_client */;
/*!40101 SET character_set_client = utf8mb4 */;
CREATE TABLE `view_modes` (
  `ID` int(11) NOT NULL AUTO_INCREMENT,
  `name` varchar(64) NOT NULL,
  PRIMARY KEY (`ID`)
) ENGINE=InnoDB AUTO_INCREMENT=3 DEFAULT CHARSET=utf8mb4 COLLATE=utf8mb4_uca1400_ai_ci;
/*!40101 SET character_set_client = @saved_cs_client */;

--
-- Dumping data for table `view_modes`
--

LOCK TABLES `view_modes` WRITE;
/*!40000 ALTER TABLE `view_modes` DISABLE KEYS */;
set autocommit=0;
INSERT INTO `view_modes` VALUES
(1,'public'),
(2,'private');
/*!40000 ALTER TABLE `view_modes` ENABLE KEYS */;
UNLOCK TABLES;
commit;

--
-- Final view structure for view `ranked_posters`
--

/*!50001 DROP VIEW IF EXISTS `ranked_posters`*/;
/*!50001 SET @saved_cs_client          = @@character_set_client */;
/*!50001 SET @saved_cs_results         = @@character_set_results */;
/*!50001 SET @saved_col_connection     = @@collation_connection */;
/*!50001 SET character_set_client      = utf8mb3 */;
/*!50001 SET character_set_results     = utf8mb3 */;
/*!50001 SET collation_connection      = utf8mb3_general_ci */;
/*!50001 CREATE ALGORITHM=UNDEFINED */
/*!50013 DEFINER=`root`@`localhost` SQL SECURITY DEFINER */
/*!50001 VIEW `ranked_posters` AS select row_number() over ( order by `poster`.`poster_id`) AS `local_id`,`poster`.`poster_id` AS `poster_id`,`poster`.`user_id` AS `user_id` from `poster` */;
/*!50001 SET character_set_client      = @saved_cs_client */;
/*!50001 SET character_set_results     = @saved_cs_results */;
/*!50001 SET collation_connection      = @saved_col_connection */;
/*!40103 SET TIME_ZONE=@OLD_TIME_ZONE */;

/*!40101 SET SQL_MODE=@OLD_SQL_MODE */;
/*!40014 SET FOREIGN_KEY_CHECKS=@OLD_FOREIGN_KEY_CHECKS */;
/*!40014 SET UNIQUE_CHECKS=@OLD_UNIQUE_CHECKS */;
/*!40101 SET CHARACTER_SET_CLIENT=@OLD_CHARACTER_SET_CLIENT */;
/*!40101 SET CHARACTER_SET_RESULTS=@OLD_CHARACTER_SET_RESULTS */;
/*!40101 SET COLLATION_CONNECTION=@OLD_COLLATION_CONNECTION */;
/*M!100616 SET NOTE_VERBOSITY=@OLD_NOTE_VERBOSITY */;

-- Dump completed on 2025-04-16 13:53:01
